2015-04-19 20:20:24,589886283343728640,"рддреЗрд░реА рдмреЗрд╡рдлрд╛рдИ рдкрд░ рдЗрддрдирд╛ рд╣реА рдХрд╣реВрдБрдЧрд╛ рд╣рдорд╕рдлрд░; 
рдореИрдВ рдЦреБрдж рдХреЛ рдЗрд╕ рдХрд╛рдмрд┐рд▓ рдмрдирд╛рдКрдВрдЧрд╛ рдХреА рддреЗрд░реА рдЖрдБрдЦреЗ рдореЗрд░реЗ рджреАрджрд╛рд░ рдХреЛ рддрд░рд╕реЗрдЧреА. http://t.co/wAzxVlqyXV","Place(_api=<tweepy.api.API object at 0x7fbb03ebf690>, country_code=u'IN', url=u'https://api.twitter.com/1.1/geo/id/b850c1bfd38f30e0.json', country=u'India', place_type=u'country', bounding_box=BoundingBox(_api=<tweepy.api.API object at 0x7fbb03ebf690>, type=u'Polygon', coordinates=[[[68.1061138, 6.7604429], [68.1061138, 37.07827], [97.4152924, 37.07827], [97.4152924, 6.7604429]]]), full_name=u'India', attributes={}, id=u'b850c1bfd38f30e0', name=u'India')"
2015-04-19 20:22:41,589886858252845056,"рдХрд┐рддрдиреЗ рдЕрдЬрдм рд░рдВрдЧ рд╕рдореЗрдЯреЗ рд╣реИ рдпреЗ рдмреЗрдореМрд╕рдо рдмрд╛рд░рд┐рд╢ рдЦреБрдж рдореЗ...
рдЕрдореАрд░ рдкрдХреМреЬреЗ рдЦрд╛рдиреЗ рдХреА рд╕реЛрдЪ рд░рд╣рд╛ рд╣реИ...
рддреЛ рдХрд┐рд╕рд╛рди рдЬрд╣рд░...!!! http://t.co/kxq8bVOUsu","Place(_api=<tweepy.api.API object at 0x7fbb03ebf690>, country_code=u'IN', url=u'https://api.twitter.com/1.1/geo/id/b850c1bfd38f30e0.json', country=u'India', place_type=u'country', bounding_box=BoundingBox(_api=<tweepy.api.API object at 0x7fbb03ebf690>, type=u'Polygon', coordinates=[[[68.1061138, 6.7604429], [68.1061138, 37.07827], [97.4152924, 37.07827], [97.4152924, 6.7604429]]]), full_name=u'India', attributes={}, id=u'b850c1bfd38f30e0', name=u'India')"
2015-04-19 20:27:16,589888012571381760,"рдЪрд▓реЗ рдЬрд╛рдПрдЧреЗ рд╣рдо рддреБрдЭреЗ рддреЗрд░реЗ рд╣рд╛рд▓ рдкрд░ рдЫреЛрдб рдХрд░,
рдХрджреНрд░ рдХреНрдпрд╛ рд╣реЛрддреА рд╣реИ рдХрд┐рд╕реА рдХреА рдпреЗ рддреБрдЭреЗ рдмрдХреНрдд рд╕реАрдЦрд╛ рджреЗрдЧрд╛ редред http://t.co/Fy17dgR7pU","Place(_api=<tweepy.api.API object at 0x7fbb03ebf690>, country_code=u'IN', url=u'https://api.twitter.com/1.1/geo/id/b850c1bfd38f30e0.json', country=u'India', place_type=u'country', bounding_box=BoundingBox(_api=<tweepy.api.API object at 0x7fbb03ebf690>, type=u'Polygon', coordinates=[[[68.1061138, 6.7604429], [68.1061138, 37.07827], [97.4152924, 37.07827], [97.4152924, 6.7604429]]]), full_name=u'India', attributes={}, id=u'b850c1bfd38f30e0', name=u'India')"
2015-04-19 20:31:21,589889039500595200,рж╕ржм ржмрж╛ржзрж╛ ржЙрзЬрзЗ ржпрж╛ржмрзЗ : ржЦрж╛рж▓рзЗржжрж╛ ржЬрж┐рзЯрж╛ http://t.co/D2qqagQLDD @secgen @Europarl_EN @EPPGroup @StateDept @UN_DPA @NishaBiswal @JohnKerry @PMOIndia,"Place(_api=<tweepy.api.API object at 0x7fbb03ebf690>, country_code=u'BD', url=u'https://api.twitter.com/1.1/geo/id/9f4e63426a3f3da2.json', country=u'Bangladesh', place_type=u'country', bounding_box=BoundingBox(_api=<tweepy.api.API object at 0x7fbb03ebf690>, type=u'Polygon', coordinates=[[[88.0134279, 20.5888794], [88.0134279, 26.6299093], [92.6736679, 26.6299093], [92.6736679, 20.5888794]]]), full_name=u'Bangladesh', attributes={}, id=u'9f4e63426a3f3da2', name=u'Bangladesh')"
2015-04-19 20:31:44,589889138607796225,"рдЕрдЬреАрдм рд╕реЗ рд▓реЛрдЧ рд╡рд╕рддреЗ рд╣реЗ рддреЗрд░реЗ рд╢рд╣рд░ рдореЗ рдЬрд╛рд▓рд┐рдо
рд╢реАрд╢реЗ рдХреА рдорд░рдореНрдордд рдХрд░рддреЗ рд╣реИ рд▓реЛрд╣реЗ рдХреЗ рдУрдЬрд╛рд░реЛрдБ рд╕реЗ ...!! http://t.co/Cwfcqwt7QQ","Place(_api=<tweepy.api.API object at 0x7fbb03ebf690>, country_code=u'IN', url=u'https://api.twitter.com/1.1/geo/id/b850c1bfd38f30e0.json', country=u'India', place_type=u'country', bounding_box=BoundingBox(_api=<tweepy.api.API object at 0x7fbb03ebf690>, type=u'Polygon', coordinates=[[[68.1061138, 6.7604429], [68.1061138, 37.07827], [97.4152924, 37.07827], [97.4152924, 6.7604429]]]), full_name=u'India', attributes={}, id=u'b850c1bfd38f30e0', name=u'India')"
2015-04-19 20:37:28,589890578155851777,@KunwarAmarFc sorry dude ur not or,"Place(_api=<tweepy.api.API object at 0x7fbb03ebf690>, country_code=u'IN', url=u'https://api.twitter.com/1.1/geo/id/1279db2db14240db.json', country=u'India', place_type=u'city', bounding_box=BoundingBox(_api=<tweepy.api.API object at 0x7fbb03ebf690>, type=u'Polygon', coordinates=[[[83.0856444, 26.4888994], [83.0856444, 26.9999208], [83.6342578, 26.9999208], [83.6342578, 26.4888994]]]), full_name=u'Gorakhpur, Uttar Pradesh', attributes={}, id=u'1279db2db14240db', name=u'Gorakhpur')"
2015-04-19 20:39:12,589891016246763520,"рдЙрд╕ рдЧрд░реАрдм рдХреА рдЙрдореНрдореАрджреЗрдВ рдХреНрдпрд╛ рд╣реЛрдВрдЧреА 
рдЬрд┐рд╕рдХреА рд╕рд╛рдБрд╕реЗрдВ рднреА рдЧреБрдмрдмрд╛рд░реЛ рдореЗ рдмрд┐рдХрддреА рд╣реИ ..!!! @SrBachchan @ajaydevgn @AnupamPkher http://t.co/VxkurMnZJM","Place(_api=<tweepy.api.API object at 0x7fbb03ebf690>, country_code=u'IN', url=u'https://api.twitter.com/1.1/geo/id/b850c1bfd38f30e0.json', country=u'India', place_type=u'country', bounding_box=BoundingBox(_api=<tweepy.api.API object at 0x7fbb03ebf690>, type=u'Polygon', coordinates=[[[68.1061138, 6.7604429], [68.1061138, 37.07827], [97.4152924, 37.07827], [97.4152924, 6.7604429]]]), full_name=u'India', attributes={}, id=u'b850c1bfd38f30e0', name=u'India')"
2015-04-19 20:41:11,589891513548570624,"рдЬрд┐рд╕ рдирдЬрд╝рд╛рдХрдд рд╕реЗ рдпреЗ рд▓рд╣рд░реЗ рдореЗрд░реЗ рдкреИрд░реЛрдВ рдХрд╛ рдЫреБрддреА рд╣реИрдВ
рдпрдХреАрди рдирд╣реА рд╣реЛрддрд╛ рдХреА рдЗрдирд╣реЛ рдиреЗ рднреА рдХрднреА рдХрд╢рддрд┐рдпрд╛рдВ рдбреБрд╡рд╛рдИ рд╣реЛрдВрдЧреА ....!! @PMOIndia http://t.co/X4eQgtPCp4","Place(_api=<tweepy.api.API object at 0x7fbb03ebf690>, country_code=u'IN', url=u'https://api.twitter.com/1.1/geo/id/b850c1bfd38f30e0.json', country=u'India', place_type=u'country', bounding_box=BoundingBox(_api=<tweepy.api.API object at 0x7fbb03ebf690>, type=u'Polygon', coordinates=[[[68.1061138, 6.7604429], [68.1061138, 37.07827], [97.4152924, 37.07827], [97.4152924, 6.7604429]]]), full_name=u'India', attributes={}, id=u'b850c1bfd38f30e0', name=u'India')"
2015-04-19 20:42:41,589891892566855680,"рдЕрдЬрдм рддрдорд╛рд╢рд╛ рд╣реИ рджреБрдирд┐рдпрд╛ рдореИрдВ рдпрд╛рд░реЛ
рдЗрдЬреНрдЬрдд рдХреЛрдбрд┐рдпреЛрдВ рдореИ рдФрд░ рдХрдкрдбреЗ рдХрд░реЛреЬреЛ рдо рдмрд┐рдХрддреЗ рд╣реИрдБ @SrBachchan @AnupamPkher @The_AnuMalik http://t.co/qrg2l4IESq","Place(_api=<tweepy.api.API object at 0x7fbb03ebf690>, country_code=u'IN', url=u'https://api.twitter.com/1.1/geo/id/b850c1bfd38f30e0.json', country=u'India', place_type=u'country', bounding_box=BoundingBox(_api=<tweepy.api.API object at 0x7fbb03ebf690>, type=u'Polygon', coordinates=[[[68.1061138, 6.7604429], [68.1061138, 37.07827], [97.4152924, 37.07827], [97.4152924, 6.7604429]]]), full_name=u'India', attributes={}, id=u'b850c1bfd38f30e0', name=u'India')"
2015-04-19 20:45:26,589892584505413633,"рдХрднреА рддреЛ рд╣рд┐рд╕рд╛рдм рдХрд░реЛ рд╣рдорд╛рд░рд╛ рднреА 
рдЗрддрдиреА рдореЛрд╣реНрд╣рдмрдд рднрд▓рд╛ рдХреМрди рджреЗрддрд╛ рд╣реИ рдЙрдзрд╛рд░ рдореЗрдВ
ркЬркп рк╢рлНрк░рлА ркХрлГрк╖рлНркг @SriSri @yogrishiramdev http://t.co/pYRYhF4Nd0","Place(_api=<tweepy.api.API object at 0x7fbb03ebf690>, country_code=u'IN', url=u'https://api.twitter.com/1.1/geo/id/b850c1bfd38f30e0.json', country=u'India', place_type=u'country', bounding_box=BoundingBox(_api=<tweepy.api.API object at 0x7fbb03ebf690>, type=u'Polygon', coordinates=[[[68.1061138, 6.7604429], [68.1061138, 37.07827], [97.4152924, 37.07827], [97.4152924, 6.7604429]]]), full_name=u'India', attributes={}, id=u'b850c1bfd38f30e0', name=u'India')"
2015-04-19 20:46:35,589892875883712512,"рдореБрдЭреЗ рджрд░реНрдж рд╕реЗ рд╢рд┐рдХрд╡рд╛ рдирд╣реАрдВ рд╣реИ
рдР рдЦреБрджрд╛..
рдмрд╕ рджрд░реНрдж рдореЗрдВ рдореБрд╕реНрдХреБрд░рд╛рдиреЗ рдХреА рдХрд▓рд╛ рдореБрдЭреЗ рдмрдЦреНрд╢рддреЗ рд░рд╣рдирд╛...
ркЬркп рк╢рлНрк░рлА ркХрлГрк╖рлНркг  @SriSri http://t.co/ljpY0TGepl","Place(_api=<tweepy.api.API object at 0x7fbb03ebf690>, country_code=u'IN', url=u'https://api.twitter.com/1.1/geo/id/b850c1bfd38f30e0.json', country=u'India', place_type=u'country', bounding_box=BoundingBox(_api=<tweepy.api.API object at 0x7fbb03ebf690>, type=u'Polygon', coordinates=[[[68.1061138, 6.7604429], [68.1061138, 37.07827], [97.4152924, 37.07827], [97.4152924, 6.7604429]]]), full_name=u'India', attributes={}, id=u'b850c1bfd38f30e0', name=u'India')"
2015-04-19 20:49:12,589893533038841856,рд╕рдВрд╡рд┐рдзрд╛рди рдореЗрдВ рдХреЛрдИ рдзрд╛рд░рд╛ рдирд╣реА рд╣реИ рдЗрд╕рдХреЗ рд▓рд┐рдпреЗ рдкрд░ рдлрд┐рд░ рднреА рдШрд░ рдХреА рдЫрдд рддрдм рддрдХ рдЫрдд рдирд╣реАрдВ рдорд╛рдиреА рдЬрд╛рддреА рдереА рдЬрдм рддрдХ рдЙрд╕ рдкрд░ рджреЛ рддреАрди рдкреБрд░рд╛рдиреЗ рдЯрд╛рдпрд░ рдирд╛ рдкреЬреЗ рд╣реЛ .,"Place(_api=<tweepy.api.API object at 0x7fbb03ebf690>, country_code=u'IN', url=u'https://api.twitter.com/1.1/geo/id/b850c1bfd38f30e0.json', country=u'India', place_type=u'country', bounding_box=BoundingBox(_api=<tweepy.api.API object at 0x7fbb03ebf690>, type=u'Polygon', coordinates=[[[68.1061138, 6.7604429], [68.1061138, 37.07827], [97.4152924, 37.07827], [97.4152924, 6.7604429]]]), full_name=u'India', attributes={}, id=u'b850c1bfd38f30e0', name=u'India')"
2015-04-19 20:59:09,589896036677627904,"рдореБреЮреНрдд рдореЗрдВ рдПрд╣рд╕рд╛рди рдирд╛ рд▓реЗрдирд╛ рджреЛрд╕реНрдд.....
рджрд┐рд▓ рдЕрднреА рдФрд░ рднреА рд╕рд╕реНрддреЗ рд╣реЛрдВрдЧреЗ  @katyperry @aliaa08 @niti_taylor @AnushkaSharma http://t.co/sInILGKZKk","Place(_api=<tweepy.api.API object at 0x7fbb03ebf690>, country_code=u'IN', url=u'https://api.twitter.com/1.1/geo/id/b850c1bfd38f30e0.json', country=u'India', place_type=u'country', bounding_box=BoundingBox(_api=<tweepy.api.API object at 0x7fbb03ebf690>, type=u'Polygon', coordinates=[[[68.1061138, 6.7604429], [68.1061138, 37.07827], [97.4152924, 37.07827], [97.4152924, 6.7604429]]]), full_name=u'India', attributes={}, id=u'b850c1bfd38f30e0', name=u'India')"
2015-04-19 21:00:39,589896411912634368,"рдХрд░ рд▓реЛ рдЗрдХрд░рд╛рд░ рдЬрдм рддрдХ ''рдЬрд┐рдиреНрджрд╛'' рд╣реВрдБ ..
рдлрд┐рд░ рдирд╛ рдХрд╣рдирд╛..
""рдЪрд▓рд╛ рдЧрдпрд╛ рдкрд╛рдЧрд▓ рджрд┐рд▓ рдореЗ рдпрд╛рджреЗ рдЫреЛреЬ рдХрд░"" @srmgroupofindia http://t.co/n1YYZgU6YW","Place(_api=<tweepy.api.API object at 0x7fbb03ebf690>, country_code=u'IN', url=u'https://api.twitter.com/1.1/geo/id/b850c1bfd38f30e0.json', country=u'India', place_type=u'country', bounding_box=BoundingBox(_api=<tweepy.api.API object at 0x7fbb03ebf690>, type=u'Polygon', coordinates=[[[68.1061138, 6.7604429], [68.1061138, 37.07827], [97.4152924, 37.07827], [97.4152924, 6.7604429]]]), full_name=u'India', attributes={}, id=u'b850c1bfd38f30e0', name=u'India')"
2015-04-19 21:07:21,589898099872501761,"""рдореБрдЭреЗ"" рди рджреАрдЬрд┐рдпреЗ рдЦреИрд░рд╛рдд рдЕрдм ""рдЙрдЬрд╛рд▓реЛрдВ"" рдХреА______
рдЕрдм рдЕрдкрдиреЗ рдЖрдк рдХреЛ ""рд╕реВрд░рдЬ"" рдмрдирд╛ рдЪреБрдХрд╛ рд╣реВрдБ рдореИрдВред тАФ http://t.co/zVyoSf8Jmu","Place(_api=<tweepy.api.API object at 0x7fbb03ebf690>, country_code=u'IN', url=u'https://api.twitter.com/1.1/geo/id/b850c1bfd38f30e0.json', country=u'India', place_type=u'country', bounding_box=BoundingBox(_api=<tweepy.api.API object at 0x7fbb03ebf690>, type=u'Polygon', coordinates=[[[68.1061138, 6.7604429], [68.1061138, 37.07827], [97.4152924, 37.07827], [97.4152924, 6.7604429]]]), full_name=u'India', attributes={}, id=u'b850c1bfd38f30e0', name=u'India')"
2015-04-19 21:11:42,589899193457586176,"рдореБрдЭреЗ  рддрд▓рд╛рд╢ рд╣ рдПрдХ рд░реВрд╣ рдХреА, рдЬреЛ рдореБрдЭреЗ рджрд┐рд▓ рд╕реЗ рдкреНрдпрд╛рд░ рдХрд░реЗ 
рд╡рд░рдирд╛ рдЗрдВрд╕рд╛рди рддреЛ рдкреИрд╕реЛ рд╕реЗ рднреА рдорд┐рд▓ рдЬрд╛рдпрд╛ рдХрд░рддреЗ рд╣реИ http://t.co/2ygYf4nHwl","Place(_api=<tweepy.api.API object at 0x7fbb03ebf690>, country_code=u'IN', url=u'https://api.twitter.com/1.1/geo/id/b850c1bfd38f30e0.json', country=u'India', place_type=u'country', bounding_box=BoundingBox(_api=<tweepy.api.API object at 0x7fbb03ebf690>, type=u'Polygon', coordinates=[[[68.1061138, 6.7604429], [68.1061138, 37.07827], [97.4152924, 37.07827], [97.4152924, 6.7604429]]]), full_name=u'India', attributes={}, id=u'b850c1bfd38f30e0', name=u'India')"
2015-04-19 21:14:40,589899941532667905,"рдореЗрд░реЛ рджреЗрд╢рдХрд╛ рдПрдХрдорд╛рддреНрд░ рдкреАрдПрдЪрдбреА рдкреВрд░реНрд╡ рдкреНрд░рдзрд╛рдирдордиреНрддреНрд░реАрдХреЛ  рд╡рд┐рдЪрд╛рд░, рд╡реНрдпрдЩреНрдЧреНрдпрдЪреЗрдд рд░ рднрд╛рд╖рд╛рдХреЛ рдШрдЯрд┐рдпрд╛рдкрдирд╕рд┐рдд рдо рд▓рдЬреНрдЬрд┐рдд рдЫреБред  @brb_laaldhwoj http://t.co/Dc1xOzgCv2","Place(_api=<tweepy.api.API object at 0x7fbb03ebf690>, country_code=u'NP', url=u'https://api.twitter.com/1.1/geo/id/f1d3a53f8a3cc7e9.json', country=u'Nepal', place_type=u'country', bounding_box=BoundingBox(_api=<tweepy.api.API object at 0x7fbb03ebf690>, type=u'Polygon', coordinates=[[[80.0633414, 26.3483092], [80.0633414, 30.4333897], [88.2026997, 30.4333897], [88.2026997, 26.3483092]]]), full_name=u'Nepal', attributes={}, id=u'f1d3a53f8a3cc7e9', name=u'Nepal')"
2015-04-19 21:16:19,589900354986184704,рдмрд░рд╕реЛ рд▓рдЧ рдЬрд╛рддреЗ рд╣реИрдВ рдЪрдиреНрдж рд░рд┐рд╢реНрддреЛрдВ рдХреЛ рдмрдирд╛рдиреЗ рдореЗрдВ @PMOIndia @narendramodi @ianuragthakur @srmgroupofindia @AmitShahOffice http://t.co/rkhFz39yye,"Place(_api=<tweepy.api.API object at 0x7fbb03ebf690>, country_code=u'IN', url=u'https://api.twitter.com/1.1/geo/id/b850c1bfd38f30e0.json', country=u'India', place_type=u'country', bounding_box=BoundingBox(_api=<tweepy.api.API object at 0x7fbb03ebf690>, type=u'Polygon', coordinates=[[[68.1061138, 6.7604429], [68.1061138, 37.07827], [97.4152924, 37.07827], [97.4152924, 6.7604429]]]), full_name=u'India', attributes={}, id=u'b850c1bfd38f30e0', name=u'India')"
2015-04-19 21:18:28,589900897376841728,"рдореИрдВ рддреЛ рдЪрд┐рд░рд╛рдЧ рд╣реБрдБ рддреЗрд░реЗ рдЖрд╢рд┐рдпрд╛рдиреЗ рдХрд╛,
рдХрднреА рдирд╛ рдХрднреА рддреЛ рдмреБрдЭ рдЬрд╛рдКрдВрдЧрд╛,
рдЖрдЬ рд╢рд┐рдХрд╛рдпрдд рд╣реИ рддреБрдЭреЗ рдореЗрд░реЗ рдЙрдЬрд╛рд▓реЗ рд╕реЗ,
рдХрд▓ рдЕрдБрдзреЗрд░реЗ рдореЗрдВ рдмрд╣реБрдд рдпрд╛рдж рдЖрдКрдВрдЧрд╛ @narendramodi","Place(_api=<tweepy.api.API object at 0x7fbb03ebf690>, country_code=u'IN', url=u'https://api.twitter.com/1.1/geo/id/b850c1bfd38f30e0.json', country=u'India', place_type=u'country', bounding_box=BoundingBox(_api=<tweepy.api.API object at 0x7fbb03ebf690>, type=u'Polygon', coordinates=[[[68.1061138, 6.7604429], [68.1061138, 37.07827], [97.4152924, 37.07827], [97.4152924, 6.7604429]]]), full_name=u'India', attributes={}, id=u'b850c1bfd38f30e0', name=u'India')"
2015-04-19 21:19:30,589901159114014721,"рдореБрд╢реНрдХрд┐рд▓реЗрдВ рдЬрд░реВрд░ рд╣реИрдВ, рдордЧрд░ рдард╣рд░рд╛ рдирд╣реАрдВ рд╣реБрдБ рдореИрдВ,
рдордВрдЬрд┐рд▓ рд╕реЗ рдЬрд░рд╛ рдХрд╣ рджреЛ, рдЕрднреА рдкрд╣реБрдБрдЪрд╛ рдирд╣реАрдВ рд╣реВрдБ рдореИрдВредред","Place(_api=<tweepy.api.API object at 0x7fbb03ebf690>, country_code=u'IN', url=u'https://api.twitter.com/1.1/geo/id/b850c1bfd38f30e0.json', country=u'India', place_type=u'country', bounding_box=BoundingBox(_api=<tweepy.api.API object at 0x7fbb03ebf690>, type=u'Polygon', coordinates=[[[68.1061138, 6.7604429], [68.1061138, 37.07827], [97.4152924, 37.07827], [97.4152924, 6.7604429]]]), full_name=u'India', attributes={}, id=u'b850c1bfd38f30e0', name=u'India')"
2015-04-19 21:19:35,589901180072890370,"рдХрджрдореЛ рдХреЛ рдмрд╛рдБрдз рди рдкрд╛рдПрдЧреА, рдореБрд╕реАрдмрдд рдХрд┐ рдЬрдВрдЬреАрд░реЗ,
рд░рд╛рд╕реНрддреЛрдВ рд╕реЗ рдЬрд░рд╛ рдХрд╣ рджреЛ, рдЕрднреА рднрдЯрдХрд╛ рдирд╣реАрдВ рд╣реВрдБ рдореИрдВредред","Place(_api=<tweepy.api.API object at 0x7fbb03ebf690>, country_code=u'IN', url=u'https://api.twitter.com/1.1/geo/id/b850c1bfd38f30e0.json', country=u'India', place_type=u'country', bounding_box=BoundingBox(_api=<tweepy.api.API object at 0x7fbb03ebf690>, type=u'Polygon', coordinates=[[[68.1061138, 6.7604429], [68.1061138, 37.07827], [97.4152924, 37.07827], [97.4152924, 6.7604429]]]), full_name=u'India', attributes={}, id=u'b850c1bfd38f30e0', name=u'India')"
2015-04-19 21:19:56,589901268182695936,"рд╕рдмреНрд░ рдХрд╛ рдмрд╛рдБрдз рдЯреВрдЯреЗрдЧрд╛, рддреЗ рдлрд╝рдирд╛ рдХрд░ рдХреЗ рд░рдЦ рджреВрдБрдЧрд╛,
рджреБрд╢реНрдорди рд╕реЗ рдЬрд░рд╛ рдХрд╣ рджреЛ, рдЕрднреА рдЧрд░рдЬрд╛ рдирд╣реАрдВ рд╣реВрдБ рдореИрдВредред","Place(_api=<tweepy.api.API object at 0x7fbb03ebf690>, country_code=u'IN', url=u'https://api.twitter.com/1.1/geo/id/b850c1bfd38f30e0.json', country=u'India', place_type=u'country', bounding_box=BoundingBox(_api=<tweepy.api.API object at 0x7fbb03ebf690>, type=u'Polygon', coordinates=[[[68.1061138, 6.7604429], [68.1061138, 37.07827], [97.4152924, 37.07827], [97.4152924, 6.7604429]]]), full_name=u'India', attributes={}, id=u'b850c1bfd38f30e0', name=u'India')"
2015-04-19 21:20:09,589901319881687041,"рд╕рд╛рде рдЪрд▓рддрд╛ рд╣реИ, рджреБрдЖрдУрдВ рдХрд╛ рдХрд╛рдлрд┐рд▓рд╛,
рдХрд┐рд╕реНрдордд рд╕реЗ рдЬрд░рд╛ рдХрд╣ рджреЛ, рдЕрднреА рддрдирд╣рд╛рдБ рдирд╣реАрдВ рд╣реВрдБ рдореИрдВредред","Place(_api=<tweepy.api.API object at 0x7fbb03ebf690>, country_code=u'IN', url=u'https://api.twitter.com/1.1/geo/id/b850c1bfd38f30e0.json', country=u'India', place_type=u'country', bounding_box=BoundingBox(_api=<tweepy.api.API object at 0x7fbb03ebf690>, type=u'Polygon', coordinates=[[[68.1061138, 6.7604429], [68.1061138, 37.07827], [97.4152924, 37.07827], [97.4152924, 6.7604429]]]), full_name=u'India', attributes={}, id=u'b850c1bfd38f30e0', name=u'India')"
2015-04-19 21:21:19,589901613818454016,@Shraniv sutnu pardaina?,"Place(_api=<tweepy.api.API object at 0x7fbb03ebf690>, country_code=u'NP', url=u'https://api.twitter.com/1.1/geo/id/f1d3a53f8a3cc7e9.json', country=u'Nepal', place_type=u'country', bounding_box=BoundingBox(_api=<tweepy.api.API object at 0x7fbb03ebf690>, type=u'Polygon', coordinates=[[[80.0633414, 26.3483092], [80.0633414, 30.4333897], [88.2026997, 30.4333897], [88.2026997, 26.3483092]]]), full_name=u'Nepal', attributes={}, id=u'f1d3a53f8a3cc7e9', name=u'Nepal')"
2015-04-19 21:21:45,589901722094448640,"рдмреИрда рдЬрд╛рддрд╛ рд╣реВрдВ рдорд┐рдЯреНрдЯреА рдкреЗ рдЕрдХреНрд╕рд░...
рдХреНрдпреЛрдВрдХрд┐ рдореБрдЭреЗ рдЕрдкрдиреА рдФрдХрд╛рдд рдЕрдЪреНрдЫреА рд▓рдЧрддреА рд╣реИ @SrBachchan @KapilSharmaK9 @ajaydevgn @AnushkaSharma @niti_taylor","Place(_api=<tweepy.api.API object at 0x7fbb03ebf690>, country_code=u'IN', url=u'https://api.twitter.com/1.1/geo/id/b850c1bfd38f30e0.json', country=u'India', place_type=u'country', bounding_box=BoundingBox(_api=<tweepy.api.API object at 0x7fbb03ebf690>, type=u'Polygon', coordinates=[[[68.1061138, 6.7604429], [68.1061138, 37.07827], [97.4152924, 37.07827], [97.4152924, 6.7604429]]]), full_name=u'India', attributes={}, id=u'b850c1bfd38f30e0', name=u'India')"
2015-04-19 21:22:56,589902021781782528,hi,"Place(_api=<tweepy.api.API object at 0x7fbb03ebf690>, country_code=u'IN', url=u'https://api.twitter.com/1.1/geo/id/b850c1bfd38f30e0.json', country=u'India', place_type=u'country', bounding_box=BoundingBox(_api=<tweepy.api.API object at 0x7fbb03ebf690>, type=u'Polygon', coordinates=[[[68.1061138, 6.7604429], [68.1061138, 37.07827], [97.4152924, 37.07827], [97.4152924, 6.7604429]]]), full_name=u'India', attributes={}, id=u'b850c1bfd38f30e0', name=u'India')"
2015-04-19 21:25:09,589902577577275392,"рдЧрд░реАрдмреА рдЬрдм рджрд░рд╡рд╛рдЬреЗ рд╕реЗ рдЕрдиреНрджрд░ рдЖрддреА рд╣реИ..
..
рддрдм
.
рдкреНрдпрд╛рд░ рдФрд░ рдореЛрд╣рдмреНрдмрдд рдЦрд┐рдбрд╝рдХреА рд╕реЗ рдмрд╛рд╣рд░ рдЪрд▓реЗ рдЬрд╛рддреЗ рд╣реИрдВ! ""","Place(_api=<tweepy.api.API object at 0x7fbb03ebf690>, country_code=u'IN', url=u'https://api.twitter.com/1.1/geo/id/b850c1bfd38f30e0.json', country=u'India', place_type=u'country', bounding_box=BoundingBox(_api=<tweepy.api.API object at 0x7fbb03ebf690>, type=u'Polygon', coordinates=[[[68.1061138, 6.7604429], [68.1061138, 37.07827], [97.4152924, 37.07827], [97.4152924, 6.7604429]]]), full_name=u'India', attributes={}, id=u'b850c1bfd38f30e0', name=u'India')"
2015-04-19 21:25:15,589902605012180992,@Shraniv nin lageko chaina,"Place(_api=<tweepy.api.API object at 0x7fbb03ebf690>, country_code=u'NP', url=u'https://api.twitter.com/1.1/geo/id/f1d3a53f8a3cc7e9.json', country=u'Nepal', place_type=u'country', bounding_box=BoundingBox(_api=<tweepy.api.API object at 0x7fbb03ebf690>, type=u'Polygon', coordinates=[[[80.0633414, 26.3483092], [80.0633414, 30.4333897], [88.2026997, 30.4333897], [88.2026997, 26.3483092]]]), full_name=u'Nepal', attributes={}, id=u'f1d3a53f8a3cc7e9', name=u'Nepal')"
2015-04-19 21:27:24,589903144601059328,"@brb_laaldhwoj рджреЗрд╢рдХрд╛ рдПрдХрдорд╛рддреНрд░ PhD рдкреВрд░реНрд╡ рдкреНрд░рдордХреЛ рд╡рд┐рдЪрд╛рд░, рд╡реНрдпрдЩреНрдЧреНрдпрдЪреЗрдд рд░ рднрд╛рд╖рд╛рдХреЛ рдШрдЯрд┐рдпрд╛рдкрдирд╕рд┐рдд рдо рд▓рдЬреНрдЬрд┐рдд рдЫреБред рддрдкрд╛рдИрдБрдХрд╛ рд╡рд┐рджреНрд╡рд╛рди рдлреНрдпрд╛рдирд╣рд░реВрдкреНрд░рддрд┐ рджрдпрд╛ рд▓рд╛рдЧреНрдпреЛред","Place(_api=<tweepy.api.API object at 0x7fbb03ebf690>, country_code=u'NP', url=u'https://api.twitter.com/1.1/geo/id/f1d3a53f8a3cc7e9.json', country=u'Nepal', place_type=u'country', bounding_box=BoundingBox(_api=<tweepy.api.API object at 0x7fbb03ebf690>, type=u'Polygon', coordinates=[[[80.0633414, 26.3483092], [80.0633414, 30.4333897], [88.2026997, 30.4333897], [88.2026997, 26.3483092]]]), full_name=u'Nepal', attributes={}, id=u'f1d3a53f8a3cc7e9', name=u'Nepal')"
2015-04-19 21:29:14,589903608784691200,"рдкрддреНрдиреА рдмреАрдорд╛рд░ рдкрддрд┐ рдХреЛ рдкреАрдЯ рд░рд╣реА рдереАред рд╕рд╛рд╕ рдиреЗ рд╡рдЬрд╣ рдкреВрдЫреАред
рдкрддреНрдиреА :рдЬреА рдЖрдпреБрд░реНрд╡реЗрджрд┐рдХ рджрд╡рд╛рдИ рд▓рд╛рдпреА рдереАред рд╡реИрджреНрдп рдЬреА рдиреЗ рдХрд╣рд╛ рдерд╛,рдЕрдЪреНрдЫреЗ рд╕реЗ рдХреВрдЯ рдХреЗ рджреЗрдирд╛ред @yogrishiramdev","Place(_api=<tweepy.api.API object at 0x7fbb03ebf690>, country_code=u'IN', url=u'https://api.twitter.com/1.1/geo/id/b850c1bfd38f30e0.json', country=u'India', place_type=u'country', bounding_box=BoundingBox(_api=<tweepy.api.API object at 0x7fbb03ebf690>, type=u'Polygon', coordinates=[[[68.1061138, 6.7604429], [68.1061138, 37.07827], [97.4152924, 37.07827], [97.4152924, 6.7604429]]]), full_name=u'India', attributes={}, id=u'b850c1bfd38f30e0', name=u'India')"
2015-04-19 21:44:52,589907540311347200,"рдирд┐рдХрд▓рддреЗ рд╣реИ рддреЗрд░реЗ рдЖрд╢рд┐рдпрд╛ рдХреЗ рдЖрдЧреЗ рд╕реЗ,рд╕реЛрдЪрддреЗ рд╣реИ рдХреА рддреЗрд░рд╛ рджреАрджрд╛рд░ рд╣реЛ рдЬрд╛рдпреЗрдЧрд╛,
рдЦрд┐рдбрд╝рдХреА рд╕реЗ рддреЗрд░реА рд╕реВрд░рдд рди рд╕рд╣реА рддреЗрд░рд╛ рд╕рд╛рдпрд╛ рддреЛ рдирдЬрд░ рдЖрдПрдЧрд╛ http://t.co/Rbcfaq2n8A","Place(_api=<tweepy.api.API object at 0x7fbb03ebf690>, country_code=u'IN', url=u'https://api.twitter.com/1.1/geo/id/b850c1bfd38f30e0.json', country=u'India', place_type=u'country', bounding_box=BoundingBox(_api=<tweepy.api.API object at 0x7fbb03ebf690>, type=u'Polygon', coordinates=[[[68.1061138, 6.7604429], [68.1061138, 37.07827], [97.4152924, 37.07827], [97.4152924, 6.7604429]]]), full_name=u'India', attributes={}, id=u'b850c1bfd38f30e0', name=u'India')"
2015-04-19 21:48:27,589908442078314498,"рджрд░реНрдж рдХреА рдмрд╛рд░рд┐рд╢реЛрдВ рдореЗрдВ рд╣рдо рдЕрдХреЗрд▓реЗ рд╣реА рдереЗ,!!!..рдР*рджреЛрд╕реНрдд.!!!
рдЬрдм рдмрд░рд╕реА рдЦрд╝реБрд╢рд┐рдпрд╛рдБ рди рдЬрд╛рдиреЗ рднреАрдбрд╝ рдХрд╣рд╛рдВ рд╕реЗ рдЖ рдЧрдпреА.!!! @PMOIndia @narendramodi @AmitShahOffice","Place(_api=<tweepy.api.API object at 0x7fbb03ebf690>, country_code=u'IN', url=u'https://api.twitter.com/1.1/geo/id/b850c1bfd38f30e0.json', country=u'India', place_type=u'country', bounding_box=BoundingBox(_api=<tweepy.api.API object at 0x7fbb03ebf690>, type=u'Polygon', coordinates=[[[68.1061138, 6.7604429], [68.1061138, 37.07827], [97.4152924, 37.07827], [97.4152924, 6.7604429]]]), full_name=u'India', attributes={}, id=u'b850c1bfd38f30e0', name=u'India')"
2015-04-19 21:51:46,589909279856992256,"""рддреБрдореНрд╣рд╛рд░рд╛ рд╕рд┐рд░реНреЮ рд╣рд╡рд╛рдУрдВ рдкреЗ рд╢рдХрд╝ рдЧрдпрд╛ рд╣реЛрдЧрд╛,
рдЪрд┐рд░рд╛рдЧрд╝ рдЦрд╝реБрдж рднреА рддреЛ рдЬрд▓-рдЬрд▓ рдХреЗ рдердХ рдЧрдпрд╛ рд╣реЛрдЧрд╛... http://t.co/150G79BW9A","Place(_api=<tweepy.api.API object at 0x7fbb03ebf690>, country_code=u'IN', url=u'https://api.twitter.com/1.1/geo/id/b850c1bfd38f30e0.json', country=u'India', place_type=u'country', bounding_box=BoundingBox(_api=<tweepy.api.API object at 0x7fbb03ebf690>, type=u'Polygon', coordinates=[[[68.1061138, 6.7604429], [68.1061138, 37.07827], [97.4152924, 37.07827], [97.4152924, 6.7604429]]]), full_name=u'India', attributes={}, id=u'b850c1bfd38f30e0', name=u'India')"
2015-04-19 21:55:24,589910192059322368,The poke is re
2015-04-19 22:36:32,589920542372671488,"рдЬрдм рдЗрд╢реНрдХ рдФрд░ рдЗрдВрдХрд▓рд╛рдм рдХрд╛ рдЕрдВрдЬрд╛рдо рдПрдХ рд╣реА рд╣реИ
рддреЛ 'рдордВрдЬрдиреВ ' рдмрдирдиреЗ рд╕реЗ рдЕрдЪреНрдЫрд╛ рд╣реИ рдХреА рдЪрдБрджреЗрд░ рд╢реЗрдЦрд░ рдЖреЫрд╛рдж рдмрдирд╛ рдЬрд╛рдКред @SrBachchan @ajaydevgn @PMOIndia @narendramodi"
2015-04-19 22:45:15,589922735549091841,http://t.co/s7KIG4MJLD
2015-04-19 22:45:58,589922915837083648,I'm on Instagram as @daveil_hearted_prince. Install the app to follow my photos and videos. http://t.co/X4iT9OvUUo
2015-04-19 22:55:40,589925358956257281,@MissionBihar I am very hopeful to BJP form the govt in Bihar do my best for it
2015-04-19 22:57:38,589925854651645954,@EconomicTimes Matter like fake current account 31978707857 with a fake pan BOLPP7949M be discussed
2015-04-19 22:57:58,589925936096641024,"рдмреЬреА рдореБрджреНрджрдд рд╕реЗ рдХреЛрдИ рдЦреНрд╡рд╛рдм рдирд╣реАрдВ рджреЗрдЦрд╛ рдореИрдВрдиреЗ ;
рд╣рд╛рде рд░рдЦ рджреЛ рдореЗрд░реА рдЖрдБрдЦреЛрдВ рдкрд░ рдХрд┐ рдиреАрдВрдж рдЖ рдЬрд╛рдпреЗ !! @SriSri"
2015-04-19 23:02:05,589926971741614081,While going to water park. Car selfie. ЁЯЪЧЁЯТЛтЭдЁЯШНЁЯШНЁЯШШ http://t.co/Qe0hOjH2sp
2015-04-19 23:09:12,589928764861059072,@jhusilkeero рдЖрд╕рд╛ рд░ @kaya_jargon рдкреНрд░рддреАрдХреНрд╖рд╛ рдЦреЗрд░ рдХреИрд▓реЗ рдкреЛ рдЬрд╛рдиреНрдЫ рдЫ ;)
2015-04-19 23:10:02,589928973062115328,@jethadai47 рдХрд╛рдордХреЛ рд╕реНрддрд░ рднрдиреНрдирд╛рд▓реЗ рдареБрд▓реЛ рд╕рд╛рдиреЛ рдХрд╛рдо рднрдиреЗрд░ рдЫреБрдЯреНрдЯрд╛рдЙрдиреЗрд╣рд░реБрдХреЛ рдХреБрд░рд╛ рд╣реЛ рдпреЛ.. :)
2015-04-19 23:11:56,589929452819218432,@jethadai47 рдЧреБрдбрдорд░реНрдирд┐рдЩ :)
2015-04-19 23:12:48,589929671929700354,"good Morning!!!! 
dapat wake up call lambat dari pihak hotel, aku dh berbedak dah. lepas tu call suruh turun bwh 15minit kemudian. xmandi le"
2015-04-19 23:18:04,589930994108477440,@kaya_jargon рд╕рдмреИрдХреЛ рдЯрд╛рдЗрдо рдорд┐рд▓рд╛рдЙрди рдЯрд╛рдЗрдо рд▓рд╛рдЧреНрд▓рд╛ рддрд░ рднреЗрдЯрди рдЪрд╛рд╣рд┐рдБ рднреЗрдЯреНрдиреБрдкрд░реНрдЫ :) @jhusilkeero
2015-04-19 23:19:30,589931358601875456,"рд╕рдкрдирд╛ рдкрдирд┐ рдХрд╕реНрддреЛ рджреЗрдЦреЗ, 
рдЬрд┐рдиреНрджрдЧреАрдорд╛ рдХрд╣рд┐рд▓реНрдпреИ рдирдкреБрдЧреЗрдХреЛ рдард╛рдЙрдБрдорд╛ рдкреБрдЧреЗрд░ рдЖрдПрдБред :)"
2015-04-19 23:25:32,589932876596191232,"Continue to hate on me, I swear that shit don't bother meЁЯШВЁЯШЕЁЯСМЁЯП╝ @ life's good babyЁЯШМ https://t.co/VWbRn9JUmv"
2015-04-19 23:27:00,589933245355065345,"рд╕рд╛рдпрдж рд╕рдкрдирд╛рдХрд╛ рдкрдЦреЗрдЯрд╛ рд╣реБрдиреНрдЫ рддрд░ рд╕рдкрдирд╛рднрд┐рддреНрд░рдХреЛ рдорд╛рдиреНрдЫреЗрдХреЛ рдкрдЦреЗрдЯрд╛ рд╣реБрдиреНрди,
рдЬрдм рд╕рдкрдирд╛ рдЙрдбрди рдерд╛рд▓реНрдЫ рдорд╛рдиреНрдЫреЗ рдЪрд╛рд╣рд┐рдБ рдЖрдлреВ рдЙрдбреЗрдХреЛ рднреНрд░рдордорд╛ рдордЦреНрдЦ рдкрд░реНрдЫ!!"
2015-04-19 23:27:48,589933443447853057,"рдмрд┐рд╣рди рдЙрдареНрдиреЗ рдмрд┐рддреНрддрд┐рдХреИ рд╣рд┐рдорд╛рд▓ рджреЗрдЦреНрди рдкрд╛рдЗрдпреЛрд╕
рдпреА рд╣рд╛рддрд▓реЗ рд╕рдзреИ рд╕рдзреИ рдиреЗрдкрд╛рд▓ рд▓реЗрдЦреНрди рдкрд╛рдЗрдпреЛрд╕ ред"
2015-04-19 23:32:34,589934644256051200,рдорд╛рдиреНрдЫреЗрд╣рд░реБрдХреЛ рдХреБрд░рд╛ рд╕реБрдиреЗрд░ рдХрд╣рд┐рд▓реЗрдХрд╛рд╣реА рдд рд░реЛрдЙрдБ рдХрд┐ рд╣рд╛рдБрд╕реБ рдЕрд▓рдорд▓реНрд▓ рдкрд░рд┐рдиреНрдЫ!! ЁЯШВЁЯШГ
2015-04-19 23:35:46,589935450342559744,рдПрдЙрдЯрд╛ рд╕рдкрдирд╛рд▓рд╛рдИ рдЙрдбрд╛рдЙрди рдд рдкреНрдпрд╛рд░рд╛рд╕реБрдЯ рдирднреЗрдЯрд┐рд░рд╛' рдЕрд╡рд╕реНрдерд╛рдорд╛ рд╣рд╛рдореНрд░реЛ рдкрд╛рд▓реЛ рдХреИрд▓реЗ рднрдиреНрджреИ рдЯреБрд▓реБрдЯреБрд▓реБ рд╣реЗрд░рд┐рд░рд╣реЗрдХрд╛ рддреА рдЕрдирдЧрд┐рдиреНрддреА рд╕рдкрдирд╛рд╣рд░реБрдХреЛ рдорд╛рдпрд╛ рд▓рд╛рдЧреЗрд░ рдЖрдпреЛ... ЁЯШВ
2015-04-19 23:36:00,589935509402583040,рдЧрд░рд┐ рдЦрд╛рди рдирджрд┐рдиреЗ рднрдП рдбрд╛рдореНрдирд╛рд╣рд░реБрд▓реЗ ред рдмрд┐рд╣рд╛рд░ рдХрд▓реЗрдЬ рджрд┐рдЙрд╕реЛ рд╕реНрдХреБрд▓ рдЧрд░рд┐рджреИрдереНрдпреЛ ред рдЖрдЬ рджреЗрдЦрд┐ рдмрд┐рд╣рд╛рдирдХреЛ рд╕реНрдХреБрд▓ рд░реЗ ред рдЫрджрд╛рдЦрд╛рджрд╛рдХреЛ рдХрд▓реЗрдЬ рдЬрд╛рдЧрд┐рд░ рдкреЛрдИрд▓реЛ рд╣рд┐рдбреНрдпреЛ ред
2015-04-19 23:36:09,589935546723532800,Sanjeet http://t.co/TsZp0k2oQS
2015-04-19 23:36:13,589935563609767936,рдкрдвреЗрд░ рдкрд╛рд╕ рдд рд╣реБрдиреБрдиреИ рдЫредCool рдкрдирд┐ рджреЗрдЦрд┐рдиреБ рдЫредGF рдкрдирд┐ рдмрдирд╛рдЙрдиреБ рдЫредFB рдкрдирд┐ рдзрд╛рдЙрдиреБ рдЫредTwitter рдорд╛ рдирд┐ рд░рд┐рдкреНрд▓рд╛рдИ рддреЗрд░реНрд╕рд╛рдЙрдиреБ рдЫредрдХрдореНрддрд╛ рдЧрд╛рд░реНрд╣реЛ рдЫ рдХреЗрдЯрд╛ рд╣реБрди рд▓рд╛рдЗ? ЁЯШОЁЯША
2015-04-19 23:38:17,589936085041487872,"@TheMattEspinosa I LOVE YOU MATT, PLEASE LOVE ME BACK"
2015-04-19 23:38:24,589936112535097344,The evil conspiracy 2break RAM Setu under Canal Project was strongly opposed &amp; it was. #рдзрд░реНрдо_рдпреЛрджреНрдзрд╛_SubramanianSwamy who obtained Stay on it
2015-04-19 23:38:42,589936190029082624,"рдЬреЛ рдмрд┐рд╣рд╛рди рдЕрд▓реНрдЫрд┐ рдирдЧрд░рд┐ рдЫрд┐рдЯреИ рдЙрдареНрдЫрдиреН, рдЙрдирд┐рд╣рд░реВрдХреЛ рджрд┐рди рдкрдирд┐ рд╢реБрдн рд░рд╣рдиреНрдЫ рее 
рд╢реБрдн рдкреНрд░рднрд╛рдд рд╕рдореНрдкреВрд░реНрдг рдЯреБрдЗрдЯрд░рд╡рд╛рд╕рд┐рд╣рд░реВрдорд╛ ЁЯЩПЁЯП╝ЁЯЩПЁЯП╝ 
рд╢реБрдн рд░рд╣реЛрд╕реН ЁЯСНЁЯП╜ЁЯСНЁЯП╜"
2015-04-19 23:38:49,589936217698881536,"Kudos to . #рдзрд░реНрдо_рдпреЛрджреНрдзрд╛_SubramanianSwamy who always supports the truth n supporting INNOCENT Asaram Bapu Ji ,FRAMED In BOGUS case!"
2015-04-19 23:39:06,589936290017071104,True Hindu Saint Asaram Bapu Ji is innocent . #рдзрд░реНрдо_рдпреЛрджреНрдзрд╛_SubramanianSwamy is supporting him in the time-run of Conspiracies.
2015-04-19 23:39:23,589936361907425281,"рдХрдИ рдмрд╛рд░ рджреЗрд╢ рдкрд░ рд╡рд╛рдгрд┐рдЬреНрдп рд╕рдВрдХрдЯ рдЖрдП рдФрд░ рднреНрд░рд╖реНрдЯ-рд░рд╛рдЬрдиреЗрддрд╛рдУрдВ рдиреЗ рджреЗрд╢ рдХреЛ рдмреБрд░реА рддрд░рд╣ рд╕реЗ рд▓реВрдЯрд╛, рдкрд░ рд╕рдмрдХреЛ рдорд╛рдд рджреЗрддреЗ рд╣реБрдП . #рдзрд░реНрдо_рдпреЛрджреНрдзрд╛_SubramanianSwamy рд╕рд╛рдмрд┐рдд рд╣реБрдП"
2015-04-19 23:39:26,589936373399887872,"A selfi is a picture taken in mobile,cam by http://t.co/WdS5F4ujip many haven't seen their faces in life?What a joke! http://t.co/cjzWZ6q8CY"
2015-04-19 23:40:00,589936516597551104,11606ceca44eca04e726e572c3b688ddd0e74450db8ad17d0e17ad4eefbb1eac5fb4ce06bb53d7d994be1d97d9e5a24efdca300066eeeec1b38427559ade010623076b000000
2015-04-19 23:40:07,589936546456834048,Dr.Swamy through his speeches has motivated Hindus to stand up for themselves &amp; not to be SICKular. . #рдзрд░реНрдо_рдпреЛрджреНрдзрд╛_SubramanianSwamy
2015-04-19 23:40:27,589936628249952257,"If Muslims want to study, they should be given scholarships, good schools but not reservations- Dr.Swamy. . #рдзрд░реНрдо_рдпреЛрджреНрдзрд╛_SubramanianSwamy"
2015-04-19 23:40:48,589936716942675969,"21 Guns Salute to . #рдзрд░реНрдо_рдпреЛрджреНрдзрд╛_SubramanianSwamy - A PRIDE of Hinduism , A Kohinoor of Bharatvarsh http://t.co/viaIAAgTaj"
2015-04-19 23:41:02,589936775721668608,". #рдзрд░реНрдо_рдпреЛрджреНрдзрд╛_SubramanianSwamy is supporting Asaram Bapu Ji who is FRMAED In BOGUS case ,thus v support Swami Ji! http://t.co/7nzMA85Pu7"
2015-04-19 23:41:23,589936863432998913,Remarkable was d Case of Natrajan Temple! He convinced Supreme Court 2pass order in favor Hindu Law agnst Govt #рдзрд░реНрдо_рдпреЛрджреНрдзрд╛_SubramanianSwamy
2015-04-19 23:41:53,589936989534720001,Desh-Videsh me sanmanit Dr.Swamy ne humesha ek wafadar aur jimmedar Hindu hone ka kartavya nibhaya hai . #рдзрд░реНрдо_рдпреЛрджреНрдзрд╛_SubramanianSwamy
2015-04-19 23:42:41,589937192958431232,". #рдзрд░реНрдо_рдпреЛрджреНрдзрд╛_SubramanianSwamy is an epic warrior who boldly supports Asaram Bapu Ji ,FRAMED In a BASELESS case! https://t.co/DzEDgGLHSD"
2015-04-19 23:43:01,589937273698799616,"Sonia Gandhi a KGB agent to linking voting rights with religious ancestry, . #рдзрд░реНрдо_рдпреЛрджреНрдзрд╛_SubramanianSwamy http://t.co/AepxwBlGfp"
2015-04-19 23:43:26,589937378724171776,"рд╣реЗрд▓реАрдХрд╛рдкреНрдЯрд░ рдШреЛрдЯрд╛рд▓рд╛ , рдиреЗрд╢рдирд▓ рд╣реЗрд░рд╛рд▓реНрдб рдШреЛрдЯрд╛рд▓рд╛ рдХреЛ рдЙрдЬрд╛рдЧрд░ рдХрд░ . #рдзрд░реНрдо_рдпреЛрджреНрдзрд╛_SubramanianSwamy рдиреЗ рджрд┐рдпрд╛ desh рджреНрд░реЛрд╣рд┐рдпреЛрдВ рдХреЛ рдХрд░рд╛рд░рд╛ рдЬрд╡рд╛рдм"
2015-04-19 23:44:09,589937560798908417,"From d starting of d case, he has been claiming that Asaram Bapu Ji is FRAMED! . #рдзрд░реНрдо_рдпреЛрджреНрдзрд╛_SubramanianSwamy http://t.co/e2yLJcdblD"
2015-04-19 23:44:20,589937604532965376,"Have uh ever just stopped and realized DAT uh hadn't met a certain person in ur lyf ,,
Ur lyf wud be????"
2015-04-19 23:44:43,589937702427983872,Everyone fights for his own rights but it needs courage to Stand Up for the Truth against the Big Bad World . #рдзрд░реНрдо_рдпреЛрджреНрдзрд╛_SubramanianSwamy
2015-04-19 23:45:16,589937839644651521,Not for single time he kept himself away from involving in the matters which have hurt Hindu sentiments. . #рдзрд░реНрдо_рдпреЛрджреНрдзрд╛_SubramanianSwamy
2015-04-19 23:47:38,589938436632522753,"рдирд╛рдХрд╛рдо рдереАрдВ рдореЗрд░реА рд╕рдм рдХреЛрд╢рд┐рд╢реЗрдВ рдЙрд╕ рдХреЛ рдордирд╛рдиреЗ рдХреА
рдкрддрд╛ рдирд╣реАрдВ рдХрд╣рд╛рдВ рд╕реЗ рд╕реАрдЦреА рдЬрд╛рд▓рд┐рдо рдиреЗ рдЕрджрд╛рдПрдВ рд░реВрда рдЬрд╛рдиреЗ рдХ"
2015-04-19 23:48:09,589938567473799168,@Samajhdar_kto рдлрд▓реЛрдмреНрдпрд╛рдХ рдкрдирд┐ рджрд┐рдиреБрд╣реБрдиреНрди
2015-04-19 23:48:24,589938627708379136,I am McLovin' @ dressed to the nines https://t.co/qnSrv2aTpg
2015-04-19 23:49:35,589938929232576513,"These are mah  habits,bad habit or good ,WHO care's http://t.co/oyBHyDAgSM"
2015-04-19 23:49:52,589938999717793793,@TheMattEspinosa Done http://t.co/v9NRQuZn5N
2015-04-19 23:49:55,589939012632096768,рдорд╛рдХреНрд░реНрд╕рд╡рд╛рдж рдХрд╛рд░реНрдпрдиреНрд╡рд╛рдпрди рдХрд░реНрддрд╛ рд▓реЗрдирд┐рдирдХреЛ рд╕рдпрд╛реИрдВ рд╕рд╛рд▓рд┐рдХ рдЬрдирддрд╛рд▓реЗ рдврд╛рд▓реНрджрд╛ рдХрдореНрдпреБрдирд┐рд╕реНрдЯ рдпреБрдЧ рд╕рдорд╛рдкреНрддрд┐ рдЫ ред
2015-04-19 23:51:29,589939407710343168,i am very dissapointed after not getting any reply from modi.
2015-04-19 23:51:54,589939508524679168,"@Bj_Bibash рд░рд╛рддреАрдХреЛ рдЯреНрдпрд╛рдордорд╛ рд░реИрдЫ, рджрд┐рдЙрд╕реЛ рднрдП рдд рднреЗрдЯреНрди рд╣реБрдиреНрддреЛ"
2015-04-19 23:52:43,589939714934865922,his voice and his eyes @Sissimorgan  https://t.co/CAPP0ortRa
2015-04-19 23:55:54,589940519028953088,рд╕реБрдн рдкреНрд░рднрд╛рдд рд╕реБрдн рджрд┐рди рд╕реБрдн рд╕рдордп ред
2015-04-19 23:57:34,589940936085409792,"рд╢реБрднрдкреНрд░рднрд╛рдд
рд╢реБрднрдкрд▓
рд╢реБрднрд╕рдордп
рд╢реБрднрджрд┐рди
рдпрд╣рд╛рдБрд╣рд░реБрдХреЛ рдЖрдЬрдХреЛ рджрд┐рди рдордВрдЧрд▓рдордп , рд╕реБрдЦрдордп рд░рд╣реЛрд╕реН ред"
2015-04-19 23:58:00,589941046643068928,7543289744d1b980b100210520c2e49e29bf6d2fa597bae82fc6bc1878eb52c745ae2373d0bb6bbe0c1ba8d133ee5b98d477b0f99603b84b3b53d2204980019eb7c28e000000
2015-04-19 23:58:07,589941073964769281,@deepaksir рдЕрдирд┐ рдЪрд┐рддрд╛рдХреЛ рдкрдирд┐ рдкреБрдЧреНрдЫ рд░реЗ ЁЯШЬЁЯШЬЁЯШЬ
2015-04-19 23:59:00,589941295344328704,"рд╢реНрд░реАрдорддреА рд░ рдЬрдЧреНрдЧрд╛ рдЬреЛрдбреНрдиреЗ рдХрд╛рдо рджреБрдЗрдЯреИ рдЧрд╛рд░реНрд╣реЛ ,рдЬрддреА
рд╡рдЯрд╛ рд╣рд░реЗ рдкрдирд┐
рдЪрд┐рддреНрдд рдирдмреБрдЭреНрдиреЗ !
# рд╣реИрдЯ
рд╢реБрдн-рдкреНрд░рднрд╛рдд"
2015-04-19 23:59:21,589941383454007296,"рдпреЛ рд╕рдордп рд▓реЗрдорди рдЯрд┐ рдкрд┐рдПрд░ рдХрд▓реЗрдЬ рд╣рд┐рдбреНрдиреЗ рд╣реЛ ред
рд╕реЛрд╣реА рдЕрдиреБрд░реБрдк рдЪреНрдпрд╛ рдкрд┐рдПрд░ рдЕрдм рддрд▓реЗрдЬ рд╣рд┐рдбрд┐рдпреЛ !"
2015-04-20 00:00:41,589941722534137857,"@Ananya_Kusum hey ananya,what's up?"
2015-04-20 00:01:03,589941813693124610,XD https://t.co/7EPy7MjWbo
2015-04-20 00:01:26,589941909197434880,"ting ting ting ......
uthne samaya vayo utham hai sabai....."
2015-04-20 00:01:48,589942000616509440,yo chiso bihani ma goodmrng hai
2015-04-20 00:02:42,589942230464405506,"рдЬрд┐рдиреНрджрдЧрд┐ рдд рдпрд╛рддреНрд░рд╛ рдиреИ рд╣реЛ, рддреНрдпреЛ рднрд┐рддреНрд░рдХреЛ рдЕрд░реНрдХреЛ рд╕рд╛рдиреЛ рдпрд╛рддреНрд░рд╛ рд╕реБрд░реБ ...........! рд╣рд╕, рдЧрд╛рдЙрдБ рдШрд░рдорд╛ рдЗрдиреНрдЯрд░рдиреЗрдЯ рдЫреИрди, рдкрдЫрд┐ рдореБрд▓рд╛рдХрд╛рд▓ рдЧрд░реМрдВрд▓рд╛!"
2015-04-21 07:54:51,590423436557553665,"Being a Hindu Saint in India ,a Crime?
If no,
Y so much of delay in Justice?
#рдирд┐рд░реНрджреЛрд╖_рдмрд╛рдкреВрдЬреАрдХреЛ_рдиреНрдпрд╛рдпрдорд┐рд▓реЗ ASAP! http://t.co/Isoet4lbLR"
2015-04-21 07:55:26,590423584398385152,@Ashmitasharma3 @jeevan_subedi hahah
2015-04-21 07:55:31,590423603973226497,I dont want to go somewhere if I know you are not there. Because my heart needs to be right next to where you are.
2015-04-21 07:55:32,590423608826077184,Question to┬аJudiciary- When will Innocent Asaram Bapu Ji get Justice in False case? Stop POCSO Misuse #рдирд┐рд░реНрджреЛрд╖_рдмрд╛рдкреВрдЬреАрдХреЛ_рдиреНрдпрд╛рдпрдорд┐рд▓реЗ
2015-04-21 07:55:45,590423662576021505,@aksharkaka рдЕрд╣рд┐рд▓реЗ рд╕рдореНрдордХреИ рдЖрдлреИрдБрд▓рд╛рдИ рдорди рдкрд░реЗрдХреЛ рдЯреНрд╡реАрдЯ
2015-04-21 07:55:45,590423663742033921,"рдмрд┐рд╢реНрд╡рд╛рд╕ рдмрд┐рдирд╛рдХреЛ рд╕рдореНрдмрдиреНрдз рд░ рдиреЗрдЯреНрд╡реЛрд░реНрдХ рдмрд┐рдирд╛рдХреЛ рдореЛрдмрд╛рдЗрд▓ рдЙрд╕реНрддреИ рдЙрд╕реНрддреИ рд╣реБрдиреН , рдЬрд╣рд╛рдБ рдЧреЗрдо рдЦреЗрд▓реНрди рдорд╛рддреНрд░ рдорд┐рд▓реНрдЫ ред"
2015-04-21 07:55:52,590423692405919745,рд╣реИрдВ рдХреЛрдИ рд╡рдХреАрд▓ рдЗрд╕ рдЬрд╣рд╛рди рдореЗрдВ рдЬреЛ рд╣рд╛рд░рд╛ рд╣реБрдЖ рдЗрд╢реНреШ рдЬреАрддрд╛ рджреЗ рдореБрдЭрдХреЛ
2015-04-21 07:56:03,590423738841104384,Instead of learning by rote give your kids an interactive learning experience w/ Inspiron AIO &amp; Desktop #SeekhoDellSe http://t.co/dltgktYAL3
2015-04-21 07:56:13,590423782071750656,@mungerilaaal Humko 500 wala hi Banwa Do :P :P @BUnlimted
2015-04-21 07:56:23,590423823746342912,"@Pleasure______ @ruthracy 
.... parmaatmaa ra parmeshwor eautai hun bhanney bujhaun !.."
2015-04-21 07:56:50,590423937537871873,рд╢рд░реАрд░рдорд╛ рдЬрдореНрдорд╛ рдПрдЙрдЯрд╛ рдХрдкрдбрд╛ рдЫ рддреЗрд╣рд┐рдиреА рдХрд╕реНрддреЛ рдЧрд░реНрдореА рднрдпрдХреЛ рд╣реЛ ......@рдкрдХреНрд▓рд┐рд╣рд╡рд╛
2015-04-21 07:56:58,590423971201306624,рд╕рд░рд╛рд╣рдиреАрдп! https://t.co/w9B0UISxWZ
2015-04-21 07:57:08,590424011361767424,#рдЕрд╣рдорджрдирдЧрд░ : рд╢реНрд░реАрдЧреЛрдВрджрд╛ рд╕рд╛рд░рдЦ рдХрд╛рд░рдЦрд╛рдиреНрдпрд╛рдЪреНрдпрд╛ рдирд┐рд╡рдбрдгреБрдХреАрдд рдмрдмрдирд░рд╛рд╡ рдкрд╛рдЪрдкреБрддреЗ рдпрд╛рдВрдЪрд╛ рдкрд░рд╛рднрд╡
2015-04-21 07:57:23,590424073726922752,"... right-handers tend to hear the higher tones in their right ear, while left-handers often hear them in the left.http://t.co/9Y1SVp1BTD"
2015-04-21 07:57:34,590424118564032512,"рддреВ рдЕрдкрдиреЗ рдкрд╛рдкрд╛ рдХреА рдкрд░реА рд╣реИрдВ рддреЛ рдХреНрдпрд╛ рд╣реБрдЖ, рд╣рдо рднреА рдЕрдкрдиреЗ рдмрд╛рдк рдХреЗ рдирд╡рд╛рдм рд╣реИрдВ"
2015-04-21 07:57:46,590424172288823297,http://t.co/ZMkk2Neod7
2015-04-21 07:58:20,590424311665532928,@rachitseth Liar.... http://t.co/N7nD1oJnBS
2015-04-21 07:58:31,590424360768245760,"At JMACC 11th annual convention, stock taking, strategising and then deliberating on theme ""kaun darta hai hamare itihaas se"""
2015-04-21 07:58:57,590424469115535360,"girls are a symbols of beauty.Thus,stop doing violences against girls. We must protect them from their injuries to preserve their beauties!"
2015-04-21 07:58:57,590424469396529152,"Fake allegation on Bapuji= BREAKING NEWS for media
POCSO Misuse EXPOSED= No News! #рдирд┐рд░реНрджреЛрд╖_рдмрд╛рдкреВрдЬреАрдХреЛ_рдиреНрдпрд╛рдпрдорд┐рд▓реЗ https://t.co/3PgZvDLA59"
2015-04-21 07:59:06,590424504716767233,Go hard Go home..ЁЯТк
2015-04-21 07:59:23,590424579467706368,#WhyBapujiTargeted as Asaram Bapuji opposed Anti-Hindu policies of Congress! Case against Bapuji is a 'Conspiracy'┬аhttp://t.co/6JqSiEJIT5
2015-04-21 07:59:24,590424581875204097,@hellish_enigma рд╕рдХреАрдиреНрдиЁЯШИ
2015-04-21 07:59:29,590424604058882048,"рдЖрдЬ рдЗрддрдирд╛ рдЬрд╣рд░ рдкрд┐рд▓рд╛ рджреЛ рдХрд┐ рд╕рд╛рдВрд╕ рддрдХ рд░реБрдХ рдЬрд╛рдП, 
рд╕реБрдирд╛ рд╣реИ рдХрд┐ рд╕рд╛рдВрд╕ рд░реБрдХ рдЬрд╛рдП рддреЛ рд░реВрдареЗ рд╣реБрдпреЗ рднреА рджреЗрдЦрдиреЗ рдЖрддреЗ рд╣реИ."
2015-04-21 07:59:47,590424678956568576,"girls are a symbol of beauty.Thus,stop doing violences against girls. We must protect them from their injuries to preserve their beauties !"
2015-04-21 07:59:51,590424693435273216,@dryeye_dry рд╣реЛ рд░??
2015-04-21 08:00:15,590424793683333120,750 bucks for #AvengersAgeOfUltron movie at #pvr #phoenix  #imax !! damnnnnn
2015-04-21 08:00:22,590424824612147200,On its way ....busy today ЁЯШВЁЯШВ
2015-04-21 08:00:25,590424836104585216,"рдЬрд┐рддрдирд╛ рд▓реЗрдирд╛ рдерд╛ рд▓реЗ рд▓рд┐рдпрд╛ рдЕрдм рдЫреЛреЬ рджреЗ рдореБрдЭрдХреЛ  
рдХреБрдЫ рдХрд░реВ рдореЗрдВ рдЦреБрдж рдХреЗ рд▓рд┐рдП   
рдХреМрди рд╕реА рджрд╡рд╛рдЗрдпрд╛рдБ рджреВ рддреБрдЭрдХреЛ рдЗрддрдирд╛ рдмрддрд╛рджреЗрдВ  
рдЬреЛ рджрд┐рдпрд╛ рдЙрд╕рдХрд╛ рднреА рддреВрдиреЗ рдЬрд╡рд╛рдл рдирд╣реАрдВ рджрд┐рдпрд╛"
2015-04-21 08:00:33,590424870795677696,"рдЗрдЪреНрдЫрд╛рдзрд╛рд░реА рдирд╛рдЧрд┐рди рд╡рд╛рд▓реА рдлрд┐рд▓реНрдореЛрдВ рдореЗрдВ рд▓реЬрдХреА рдирд╛рдЧрд┐рди рдореЗрдВ рдЬреИрд╕реЗ рд╣реА рдмрджрд▓рддреА рдереА, рдбрд░ рд╕реЗ рд╣рдо рдмрдЪреНрдЪреЛрдВ рдХрд╛ рдкрд┐рдЫрд╡рд╛реЬрд╛ рдлрдЯ рдХрд░ рдЪреМрд╣рддреНрддрд░ рд╣реЛ рдЬрд╛рддрд╛ рдерд╛ BC. 
@divyangana"
2015-04-21 08:00:36,590424885811224576,"VIDEO : рдореБрдВрдмрдИрдЪрд╛ рд╡рд┐рдХрд╛рд╕ рдЖрд░рд╛рдЦрдбрд╛ рдирд╡реНрдпрд╛рдиреЗ рддрдпрд╛рд░ рдХрд░рдгрд╛рд░, рдкрд╛рд╣рд╛ рд╡реНрд╣рд┐рдбреАрдУ http://t.co/extO7xBABg  #рдореБрдВрдмрдИрд╡рд┐рдХрд╛рд╕рдЖрд░рд╛рдЦрдбрд╛ http://t.co/WejaBukVNY"
2015-04-21 08:00:43,590424912386457600,The Theory Of Everything is hands down my new favorite movie. ЁЯЩМ #myart #mysketch @ The Theory OfтАж https://t.co/vU9DgmfRZH
2015-04-21 08:00:56,590424968657145856,"рд╕рд╛рд╕реВ, рд╕рд╕реБрд░рд╛ рд░ рд╢реНрд░реАрдорд╛рди рдХреЛ рдХреБрдЯрдкрд┐рдЯрдмрд╛рдЯ рд╢реНрд░реАрдорддреАрдХреЛ рдореГрддреНрдпреБ http://t.co/TUonj9Z9yH"
2015-04-21 08:01:04,590425001133625344,I think Am nver Going to Win #VodafoneSpeedQuiz trying Since IPl 2013 :( When My Luck in @VodafoneIN :(((((( trying Bas tryin :(((
2015-04-21 08:01:07,590425012374413312,"the most expensive movie movie ticket I have ever purchased is 550 but 750 is madness..!! we are 15 people so basically 11,250 :p"
2015-04-21 08:01:13,590425040245510144,#рдЕрд╣рдорджрдирдЧрд░ : рд╢реНрд░реАрдЧреЛрдВрджрд╛ рд╕рд╛рдЦрд░ рдХрд╛рд░рдЦрд╛рдиреНрдпрд╛рдЪреНрдпрд╛ рдирд┐рд╡рдбрдгреБрдХреАрдд рдмрдмрдирд░рд╛рд╡ рдкрд╛рдЪрдкреБрддреЗ рдпрд╛рдВрдЪрд╛ рдкрд░рд╛рднрд╡
2015-04-21 08:01:20,590425067638509568,@AgriJunge02 @jeevan_subedi teita @Bindasprdp
2015-04-21 08:01:27,590425096902156289,@SASUBUTT @salamences DID YOU SEE THE BORUO TRAILER MISO DID YOU SEE SASU omg
2015-04-21 08:01:31,590425113314492417,@BinKarki рдзрдиреНрдпрд╡рд╛рдж рд╣рдЬреБрд░ ред рдпрд╕реЛ рдкреНрд░рдпрддреНрдд рдЧрд░рд┐рд░рд╣реЗрдХреЛ рдЫреБ ред рдзрдиреНрдп рдЫреБ рд╣рдЬреБрд░рдкреНрд░рддрд┐ ред
2015-04-21 08:01:32,590425119836667905,"Life is gonna be tough on me but until I have your hands, crossed into mine. Nothing can stop me accomplishing my desires! ^-^"
2015-04-21 08:01:37,590425140711841793,"I'm at Bishal Bazar in Kathmandu, Bagmati https://t.co/y9p3j8wlCh"
2015-04-21 08:02:34,590425377576656896,"рд╕реБрдиреНрджрд╛ рдкрдирд┐ рдкреЗрдЯ рдорд┐рдЪрд┐рдорд┐рдЪреА рд╣рд╛рд╕реНрди рдорди рд▓рд╛рдЧреНрдиреЗ !!
рдПрдЙрдЯрд╛ рдмреНрд░реЛрдХреЛ рдЯреБрдЗрдЯрд░рдорд╛ рд▓рдн рдкрд░реЗрдЫ !!
рд▓рд╛рд╕реНрдЯрдорд╛ рдмреБрдЭреНрджрд╛ рдлреЗрдХ рд╣реНрдпрд╛рдиреНрдбрд▓ !!!
рд╣реИрдЯ ...."
2015-04-21 08:03:08,590425519658676225,"I am Blind,so what? I am damn Happy!
Shristi K.C,indeed an inspiration!
#BlindRocks
https://t.co/mguDZukZMn"
2015-04-21 08:03:17,590425559789776896,рд╣рд╛рдореНрд░рд╛ рд╕реБрдирд┐рд▓ рджрд╛рдЗ @SuniShubham  рдХреЛ рдмрдЪреНрдЪрд╛ рдХреЛ рдлреЛрдЯреЛ рд╕рд╛рд░реНрдмрдЬрдирд┐рдХ рднрдУ рд╣реЗрд░реНрдиреБрд╕ рд╣реИ ЁЯШГ рдмреБрдбрд╛рдХреЛ рд╕рд╛рдиреИрджреЗрдЦрд┐рдХреЛ рд╕реЛрдЦ рд░реЗрдЪ рдлреБрдЯреЛ рдЦрд┐рдЪреНрдиреЗ рдЪреИрдВЁЯШВЁЯШВ http://t.co/wBoDLzXQ85
2015-04-21 08:03:20,590425571215028224,@muskaan1121 ...... ghar chalna ghar ko kaam garnu parena ta !. baat karti ho !
2015-04-21 08:03:32,590425620338749440,@pushkalg1232 рдорд▓рд╛рдИ рдирд┐ рддреНрдпрд╕реНрддреИ рд▓рд╛рдЧрд┐рд░рд╣реЗрдХреЛ рдЫ ред
2015-04-21 08:04:05,590425760353005568,"@JustShowbiz #VivianDsena What is the Craziest thing u have done till yet??
-Manisha Gupta(@manishadmg)
#AskVivian @VivianDsena01"
2015-04-21 08:04:10,590425782083682304,@trustaviation very true!!! *buckle*
2015-04-21 08:04:13,590425792770740224,"#arrest рдмреБрд▓рдВрджрд╢рд╣рд░-рдЦреБрд░реНрдЬрд╛ рджреЗрд╣рд╛рдд рдХреЗ рдлрддреЗрд╣рдкреБрд░ рдЬрдВрдЧрд▓ рдореЗрдВ рдкреБрд▓рд┐рд╕ рдиреЗ рдЫрд╛рдкрд╛ рдорд╛рд░рдХрд░ 16 рдЬреБрдЖрдВрд░рд┐рдпреЛрдВ рдХреЛ рдХрд┐рдпрд╛ рдЧрд┐рд░рдлреНрддрд╛рд░,1.5 рд▓рд╛рдЦ рдХреИрд╢,7 рдмрд╛рдЗрдХреЗрдВ рдФрд░ 16 рдореЛрдмрд╛рдЗрд▓ рдмрд░рд╛рдордж"
2015-04-21 08:04:36,590425891353726978,@Anupsonicp welcome rTo Lucknow Sir ji
2015-04-21 08:04:57,590425979547299840,@Me_Physio рдерд╛ рдд рд╣реЛрд▓рд╛ рднреЛ
2015-04-21 08:05:07,590426020970270720,@pryabit @SuniShubham рд╕реЛрдЦ рдЪрд╛рдБрд╣реА рдмрдЪреНрдЪрд╛ рджреЗрдЦрд┐  рдиреИ рдХреНрдпрд╛
2015-04-21 08:05:15,590426053450936320,"рдХрд╕реНрддреЛ рдмрд┐рджрд┐ рдЧрд░реНрдореА рд╣реЛ
рдкрд╛рдП рд╣реБрдиреНрдереНрдпреЛ рдореЛрдИ рдЦрд╛рди
рдорд╛рдпрд╛рд▓реБ рд▓рд╛рдИ рд▓реИрдЬрд╛рди

#рд░реЛрдИрд▓рд╛"
2015-04-21 08:06:05,590426265456234496,"Finally after a long time.! #DonBradmanCricket14 with Metal case. 
Thanks to #Ronnie http://t.co/7QGccULx97"
2015-04-21 08:06:06,590426266844532736,"#Vivian, What do u think what are ur strong points as an #Actor?
@JustShowbiz #AskVivian @VivianDsena01 #VivianDsena http://t.co/wZQHS6Y7yC"
2015-04-21 08:06:19,590426321852833792,"рдЕрдЪреНрдЫреЗ рдирд┐рдпрдд рд╕реЗ рдХрд┐рдпрд╛ рдЧрдпрд╛ рд╣рд░ рдХрд╛рд░реНрдп,
рднрдЧрд╡рд╛рди рдХреЛ рд╕рдорд░реНрдкрд┐рдд рд╣реЛрддрд╛ рд╣реИред
рдмрджрдирд┐рдпрдд рд╕реЗ рдХрд┐рдпрд╛ рдЧрдпрд╛ рдХрд╛рд░реНрдп,
рднрдЧрд╡рд╛рди рдХреЗ рдирдЬрд░реЛрдВ рдореЗрдВ рдкрд╛рдк рд╣реЛрддрд╛ рд╣реИред"
2015-04-21 08:06:29,590426365041582080,"Hi parth, h r u??? Am gargi, I am biggggggg fan of u, can u friend with me????????"
2015-04-21 08:06:41,590426415058669568,"In a matter of few days time, i am for sure will change myself into a vivid coffee lover esp #Expresso Thanks to my new team mates for this"
2015-04-21 08:07:32,590426630377472000,@ravibopara Hey Mate ! How are you ? Too much impressed with ur allround performance.. keep continuing such performance.  And good luck bro
2015-04-21 08:07:43,590426672656158720,"Wefie #sisterlove @ Hotel De Annapurna, Durbar Marg, Kathmandu https://t.co/5HptZx9dgs"
2015-04-21 08:07:49,590426700841754625,"Can we expect to see u in any Dance Reality show in Future like #Jhalak or #NachBaliye?
#AskVivian #VivianDsena @VivianDsena01 @JustShowbiz"
2015-04-21 08:07:51,590426709075173376,@sardanarohit Extremely true...........
2015-04-21 08:07:51,590426709834366976,@BBCHindi рдЯрд╛рдЗрдЧрд░ рдирд╣реАрдВ рдПрд╢рд┐рдпрди рдХреБрддреНрддрд╛ рд╣реИ
2015-04-21 08:08:01,590426750057775104,"@Bj_Bibash рдХреБрд░рд╛ рдорд┐рд▓реНрджреИ рдЫ !
рддрд┐рдореА рдЫрд┐рдЯреЛ рдЖрдЙ"
2015-04-21 08:08:03,590426758568017921,#OSMAnd for #IOS is released. Here is a  link to download :) https://t.co/y2IPvJQmoF
2015-04-21 08:08:33,590426883537285120,@pandeypiyush congress ki
2015-04-21 08:08:37,590426903011467264,"@At_Kshitiz рд╕рдВрдзреИ рдпрд╕реНрддреИ рднрдиреЗрд░ рд╕рдмреИрдХреЛ рдорди рдореАрдареНрдпрд╛рдЙрдиреЗ рдХрд╛рдЗрджрд╛,рдЧрдЬрдмрдХреИ рдЫред"
2015-04-21 08:08:46,590426939808055296,@guardian_o_hell рддреНрдпрд╕рд▓рд╛рдИ рдЕрдм рдкрд┐рдирд╛ рдмрдирд╛рдЙрди рдкрд░реНрдЫ рдореБрд▓рд╛ рдлрдиреНрдЯреБрд╕ рдХреЗрдЯрд╛ !
2015-04-21 08:09:07,590427028098154496,http://t.co/JddIRtWaG5
2015-04-21 08:09:23,590427094921838592,@urkanxo why she is doing this with you ?
2015-04-21 08:09:31,590427125708009472,Portraying a negative character is the most difficult!u nail it Ma'am..love your acting as Nyonika ЁЯШНЁЯШН @KishwerM
2015-04-21 08:09:42,590427172864598016,"#Vivian,What is ur Perspective towards Life?

Admin-Manisha (@manishadmg)

#AskVivian #VivianDsena @VivianDsena01 @JustShowbiz"
2015-04-21 08:10:06,590427275436294145,рд╕рд╛рд▓рд╛ рдпреЛ рдмреЛрдХрд╛рд╣рд░реБрдХреЛ рдЬрд┐рдиреНрджрдЧреА рдирд┐ рд╕рд╛рд░реНрд╣реИ рдирд╛рдЬреБрдХ рдЫ рд░рд╣рд░реИ рдирдкреБрдЧреАрдкрдирд┐ рдЕрдкреНрд░реЗрд╕рди рдЧрд░реНрди рдмрд╛рдзреНрдп рд╣реБрдиреНрдЪрди ЁЯШГЁЯШГ рд╕рд╛рднрд╛рд░ : рдмрд┐рдХреНрд░рдо рдмреБрдбрд╛  рд▓реЛрд▓!! ЁЯШГЁЯШГЁЯШГ http://t.co/cIIwg843l5
2015-04-21 08:10:11,590427296361684994,VIDEO : рд╕рд▓рдорд╛рдирдЪрд╛ рдлреИрд╕рд▓рд╛ 6 рдореЗ рд░реЛрдЬреА http://t.co/CV4KyPH8SR @BeingSalmanKhan http://t.co/9NflqBmTgr
2015-04-21 08:10:31,590427381426335744,@kauserseema have a blessed day seema g
2015-04-21 08:10:38,590427409129680896,@NavbharatTimes рд╕реБрди рд▓реЛ @DrKumarVishwas  рд░рд╛рдЬрдиреАрддрд┐ рднреА рдХрд░рддреЗ рд╣рдордиреЗ рд╕реБрдирд╛ рд╣реИ рдХрд╡рд┐ рд╕рдореНрдореЗрд▓рдиреЛрдВ рдореЗрдВ рдХрд╡рд┐рддрд╛ рдкреЭрддреЗ рд╣реИ рдФрд░ рдЖрдк рд╡рд╛рд▓рдВрдЯрд┐рдпрд░ рдХреЛ рд╕рдорд╛рдЬрд╕реЗрд╡рд╛ рд╕рд┐рдЦрд╛рддреЗ рд╣реИрдВ
2015-04-21 08:10:54,590427477735936001,ICIMOD invites you to @ICIMOD #Knowledge #Fair - #GyanMela : Knowledge for Solutions on 10 May 2015. Learn more: http://t.co/xYeamJlz3f
2015-04-21 08:11:24,590427599723102210,рднрдЧрд╡рди рдкрд░рд╢реБрд░рд╛рдо рдЬреА рдХреА рдЬрдпрдВрддреА рдХреА рдЖрдкрдХреЛ рдЕрдирдВрдд рд╢реБрднрдХрд╛рдордирд╛рдпреЗрдВредрдЗрд╕ рдЕрд╡рд╕рд░ рдкрд░ рд░рд╛рдордЪрд░рд┐рддрдорд╛рдирд╕ рдХрд╛ рдкрд╛рда рд╣реЛ рд░рд╣рд╛ рд╣реИредрдЬрдп рдкрд░рд╢реБрд░рд╛рдоред http://t.co/d3sTFXwzMb
2015-04-21 08:11:26,590427611743977472,IтЩб┬д http://t.co/VwsdheC6G7
2015-04-21 08:11:32,590427636926533632,@kiss_hot_rimal рдкрд╛рдиреА рдмрд┐рдирд╛рдХреЛ рдкрд╛рдиреА рдкреБрд░реА рд░ рдирд╛рдиреА рдмрд┐рдирд╛рдХреЛ рдордгреНрдбреНрдм рдЬрд╕реНрддреЛ рд▓рд╛рдЧреНрдпреЛредредред
2015-04-21 08:11:51,590427716077244416,@chule420vezza рдореИрд▓реЗ рдерд╛рд╣рд╛ рдкрд╛рдХреЛ рдПрдХрдЬрдирд╛ рднрд╛рдЗ рдХреЛ рд╣реЛ рдпрд╛рд░ !!
2015-04-21 08:12:05,590427772092166144,@madhurimishra5 thanks
2015-04-21 08:12:06,590427777884561408,"Aap sabo ke PYAAR aur SAMMAAN ka SHUKRIYA.mai chaahta hu ki aap sabo ki zindagi me KHUSHIYA ho, PRAGTI PATH par aviral gati se chalte rahe."
2015-04-21 08:12:26,590427861741252608,"Ready to move 2BHK Villa in #FaizabadRoad #ForSale #2Bedroom #IndependentHouse #Lucknow #Residential #Property
http://t.co/aHVUqafOw4"
2015-04-21 08:12:28,590427870788395008,#рдирд┐рд░реНрджреЛрд╖_рдмрд╛рдкреВрдЬреАрдХреЛ_рдиреНрдпрд╛рдпрдорд┐рд▓реЗ cos Bapuji has been framed as part of international conspiracy with the intent to destroy Hindusim @mkverma9584
2015-04-21 08:12:33,590427889054588928,@MagarLex рдЯреЛрдЗрдЯ !!! @NakkaliNamrata @anupam_tr
2015-04-21 08:12:35,590427899691339776,@guardian_o_hell рддреНрдпреЛ рддреЛрд░реАрд▓рд╛рдИ рдЯрдордЯрд░ рдШрд╛рдордорд╛ рд╕реБрдХрд╛рдП рдЬрд╕реНрддреИ рдмрд┐рд╕реНрдХреБрди рд╕реБрдХрд╛рдЙрдиреЗ рдЕрдиреА рддреЛрд░реА рдкрд┐рд╕рд╛рдЙрдиреЗ рдорд┐рд▓рдорд╛ рд▓рдЧреЗрд░ рдПрдХреИ рдШрд╛рдирдорд╛ рдкреЗрд▓реНрдиреБ рдкрд░реНрдЫ рддреНрдпрд╕рд▓рд╛рдИ :P
2015-04-21 08:12:38,590427912832090112,"@dahalshivaji рдЪрдЯрдкрдЯреЗ рд╣реЛрд▓рд╛ рджрд╛рдЬреБ, рдХрд╣рд┐рд▓реЗ рдмрд╛рдЯ рдпреЛ рдкрд╛рдиреА рдкреБрд░реА рднрдпреЛ ?  :P"
2015-04-21 08:12:46,590427945388281856,"rahe. Iske liye mai yathasambhav koshish v karta hu, par PREDICTION yani BHAVISHYAKATHAN sahi ho, iske liye saamne baithna v jaruri hota"
2015-04-21 08:12:55,590427982788857856,@dahalshivaji рдкрд╛рдиреА рдмрд┐рдирд╛рдХреЛ рдкрд╛рдиреА рдкреБрд░реА рд░ рдирд╛рдиреА рдмрд┐рдирд╛рдХреЛ рдордгреНрдбреНрдм рдЬрд╕реНрддреЛ рд▓рд╛рдЧреНрдпреЛредредред
2015-04-21 08:12:56,590427985980690433,"Political aspect, why innocent Asaram BapuJi is on target-'He said, Sonia Madam, Bharat Chhodo' #WhyBapujiTargeted http://t.co/gff1FcS7Ee"
2015-04-21 08:13:21,590428090444095488,#AAPBreakUp Its but natural fools can't stand wise men! Split was inevitable!
2015-04-21 08:13:31,590428134824108032,Writ filed in# Madras HC# questioning appointment of 8 ADJS out of 23 having criminal antecedents!@DVSBJP @PMOIndia@barandbench@RSSorg.
2015-04-21 08:13:34,590428145792069632,"@At_Kshitiz рд╣рд╛ рд╣рд╛ рд╣рд╛ !
рд╕рдХреНрдХреЗрдЫ рдд рдмреБрдврд╛ !!!"
2015-04-21 08:13:38,590428162309271552,"""@8factapp: I have 2, you?

Follow us on Instagram http://t.co/7wG2U1Oj7D http://t.co/LLV5F4Se6Y"" Well, only 1."
2015-04-21 08:13:38,590428164314169344,рдЕрдм рдд рдиреЗрдкрд╛рд▓рдХрд╛ рдЕрдирд▓рд╛рдЗрдирд╣рд░реБрд▓реЗ 'рд░рд╛рдореНрд░реЛ рд╕рдкрдирд╛' рджреЗрдЦреНрдиреЗ рдЯрд┐рдкреНрд╕ рдкрдирд┐ рджрд┐рди рдерд╛рд▓реЗ ред рд╣реЗрд░реНрджреИ рдЬрд╛рдЙрдБ рдмрд╛рдБрдХреА рдХреЗ рдХреЗ рджрд┐рджреИ рдЬрд╛рдиреЗ рд╣реБрдиреН ред
2015-04-21 08:13:39,590428167224983552,Tibetan #PrayerFlags are my all time favorite. Spreading some good vibes #Thunderstruck http://t.co/pcUTqWwXIe
2015-04-21 08:13:40,590428172224569344,Rumours are spreading to the sky high ...that Rajini-Shankar gonna join once again under #Lyca Production
2015-04-21 08:13:41,590428174485299200,@Pleasure______ @ruthracy ...... sabai dharma ko marma eautai ho bhanna khojeko;.... bokraa haru maatra farak farak chhan !
2015-04-21 08:13:43,590428184694263809,"hota hai. Aapko mere bataaye raste se safalta mil jaati hai, yah GANPATI KRIPA hai, par pratyaksh LAAV ke liye milna aur UPAAY JARURI"
2015-04-21 08:14:03,590428270589399040,@mhtmagandhii bharat  ko  aaj jyada  jroort hai aapki bapu.desh aaj krah raha hai
2015-04-21 08:14:25,590428362536980481,@Me_Physio рд╣реБрдиреБ рдкрд░реНрдиреА рдерд┐рдпреА рддредредред рд╕рд╛рдЪреА рддреНрдпреЛ рднрдиреЗрдХреЛ рдХреЛ рд░реЗ
2015-04-21 08:14:43,590428434796412928,"@prawesh_gautam рд╣реИрдЯ ! рддреНрдпрд╕реНрддреЛ рдкреЛрд╕реНрдЯ рдорд╛ рдд рдХреЗ рдЧреЛрд▓ рдЧрд░реНрдиреБ рд╣реЛ !!
рдмрд░реБ рд╣рд╛рддрд▓реЗ рдиреИ рдЧреЛрд▓ рдЧрд░реНрдпрд╛ рд░рд╛рдореНрд░реЛ рдирд┐"
2015-04-21 08:14:49,590428460947902465,This's a frail sound thunder will follow after wait &amp; watch! https://t.co/16awjIFvI1
2015-04-21 08:14:50,590428463632240640,"#PrashantBhushan exposing #KhaitanKaTehelka .... #AshishKhaitan alleging Bhushans ...

Who is the looser ?
#Delhi 

#Kejriwal fooled Voters."
2015-04-21 08:14:59,590428502723153920,"Vivian,Plz say ""Ahaa...an"",It's been long time hearing it from you!!

 #AskVivian #VivianDsena @VivianDsena01 @JustShowbiz @Vivian_DsenaWeb"
2015-04-21 08:15:02,590428515981398016,JARURI hai. Uttar se aap santust huye honge? http://t.co/8S7FdXWBWZ
2015-04-21 08:15:12,590428557567926272,"рдХреЛрд╣реА рдбреЛрд▓реЗрд╢реНрд╡рд░ рдХреЛрд╣реА рдХреЛрдЯреЗрд╢реНрд╡рд░
рдЖрдлреВ рдд рд░рд╣рд┐рдпреЛ рдпрддреИ рд╕рд┐рджреНрдзреЗрд╢реНрд╡рд░ ред

рд╢реБрдн-рджрд┐рди Good day !! http://t.co/KgXS7YYrWb"
2015-04-21 08:15:33,590428644138295296,"""рджреЗрд╢ рднрдХреНрддрд┐ рджрд┐рд▓ рд╕реЗ рдмреЛрд▓рддреА рд╣реИ #рдореЛрджреА рдЬреА рдиреЗ рдиреЗрддрд╛рдЬреА рдХреЗ рдкрд░рд┐рд╡рд╛рд░ рдХреЗ рд╕рджрд╕реНрдпреЛрдВ рд╕реЗ рдорд┐рд▓рдиреЗ рдХреЗ рд▓рд┐рдП 17 рдордИ рдХреЛ рджрд┐рд▓реНрд▓реА рдмреБрд▓рд╛рдпрд╛ рд╣реИ 
#ThanksModi рдЬреА"""
2015-04-21 08:15:42,590428683006939136,@shauraas_SRS  рд╕рд╣рдорддред  @ruthracy
2015-04-21 08:16:00,590428760358260737,рдЦреЛрдЗ рдХрд┐рди рдЕрд▓рд┐рдХрддреА рдорд╛рддреНрд░ рджреЗрдЦрд╛рдХреЛ рд╣реЛрд▓рд╛редредредред рдкреБрд░рд╛рдИ рджреЗрдЦрд╛рдХреЛ рднрдПрдиреА рдХрд╕реНрдХреЛ рдХреЗ рдЬрдиреНрдереНрдпреЛ рд░рд╛ http://t.co/x9zMpWUkbN
2015-04-21 08:16:14,590428816805273600,@RanaAyyub at first I thought ashok singhal of VHP !
2015-04-21 08:16:30,590428886220976129,@raibal3216 @muskaan1121  sahi ho
2015-04-21 08:16:40,590428926473736192,@guardian_o_hell рддреНрдпреЛ рддреЗрд▓ рдмрдиреЗ рддреНрдпрд╕рдмрд╛рдЯ рдирд┐рд╕реНрдХрд┐рдиреЗ oil рд▓рд╛рдИ рдШрд╕рд╛реИрд▓рд╛ рди рдЬреАрдЙ рднрд░реА :P рддреЗрддреЗ рддрд╛рд▓реБ рдирд╛рдиреА рдмрдврд╛рд▓реБ :P
2015-04-21 08:16:54,590428983910469632,"рддрд░реБрдирд┐рд▓рд╛рдИ рдорд╛рдпрд╛ рдЧрд░реНрди рднрдиреНрджрд╛ complex рд╣реБрдиреЗ рд░реИрдЫ ""рдорд╛рдпрд╛"" рднрдиреНрдиреЗ software рдд..... рджрд┐рдорд╛рдЧ рд╣реНрдпрд╛рдЩ рднреЛ #рд╣реИрдЯ"
2015-04-21 08:16:54,590428986204786688,"@diplop_chalise рд╣рд╛ рд╣рд╛ рд╣рд╛ !
рдпрддрд╛ рдд рдлрд╕реНрдпрд╛ рдЫреИрдиреМ рдирд┐ рдмреБрдврд╛ ??"
2015-04-21 08:17:04,590429028307185664,"Vivian,Plz say ""Ahaa...an"",It's been long time hearing it from you!!

 #AskVivian #VivianDsena @VivianDsena01 @JustShowbiz @RahulSuthar27"
2015-04-21 08:17:06,590429036142137344,Driver pulled over to buy some water so here are some pics of ... (checking Google Maps) ... Byas. http://t.co/von1XB3jU5
2015-04-21 08:17:19,590429088650698754,@Bikram__4u рдпрд╕рд░реА рдЕрд░реНрдХрд╛рдХреЛ рдЪрд┐рдпреЛ рдЪрд░реНрдЪреЛ рдЧрд░реНрдиреБ рд╣реБрдиреНрди рдХреЗ рдмреБрдбрд╛ @pryabit http://t.co/YiAKCxBFLK
2015-04-21 08:17:21,590429099434225664,#MatchpointT20 #RCBvsCSK   Do you think its time to Release Pressure from Virat Kohli by Providing Captainship to AB De Villers .
2015-04-21 08:17:32,590429143478611968,"рдпреЛ.... рдХрд╕реНрддреЛ рдЕрдЪрдореНрдо ....
рдзреБрд╡рд╛ рдирд┐рд╕реНрдХрд┐рдиреБ рдкрд░реНрдиреЗ....
рдЖрдБрд╕реБ рдкреЛ рдмрдЧреЗрдХреЛ рдЫ
..... рдЬрдм рдХрд┐ рдордирдорд╛ рдбрдвреЗрд▓реЛ рд▓рд╛рдЧреЗрдХреЛ рдЫ...."
2015-04-21 08:17:34,590429151863046144,#рдФрд░рдВрдЧрд╛рдмрд╛рдж : рдЖрдбрдЧрд╛рд╡ рдорд╛рдКрд▓реА рддрд▓рд╛рд╡рд╛рдд рдХрдкрдбреЗ рдзреБрдгреНрдпрд╛рд╕рд╛рдареА рдЧреЗрд▓реЗрд▓реНрдпрд╛ рджреЛрди рдореБрд▓реАрдВрд╕рд╣ рдЖрдИрдЪрд╛ рдмреБрдбреВрди рдореГрддреНрдпреВ
2015-04-21 08:17:34,590429152815161344,@chule420vezza рдЬрдиреНрдордиреЗ рдард╛рдЙрдБ рднрдП рдЬрдиреНрдордиреЗ рдд рд╣реЛрдирд┐ рдмреБрдврд╛ !!!
2015-04-21 08:17:45,590429197731934208,@urkanxo did you approach with her why she is not talking to you ?
2015-04-21 08:18:32,590429398379048960,@Me_Physio рд▓реВрд▓реВрд▓реВрд▓реВрд▓реВ рддреЗрд╕реНрддреЛ рдирд┐ рд╣реЛрд▓рд╛ рдд рдХрд╛рд╣рд┐
2015-04-21 08:18:42,590429440414384128,@Gaugharekto @neeraj_khanal hahaha
2015-04-21 08:18:57,590429500610977794,"рдорди рдореБрдЯреБ рдорд┐рд▓реНрдпреЛ рднрдиреЗ рдПрдЙрдЯреИ рд╕рд┐рд░рдХ рдЕреЛрдбреЗ рд╣реБрдиреНрдЫ
рдЪрд╛рд╣рдирд╛ рд▓рдХреНрд╖реНрдп рдорд┐рд▓реЗрди рднрдиреЗ рдЧрдиреНрддрд╡реНрдп рдирд┐ рдореЛрдбреЗ рд╣реБрдиреНрдЫ
#рдард┐рдХреИ_рднрдиреНрдпрд╛_рд╣реЛ_рдХрд╕реИрд▓реЗ"
2015-04-21 08:18:59,590429509876199425,"#SmritiIranidakshin bharat me hindi ke prachar ke liye kisi yogya ko jimmewari dijiye, kyonki ye aapke majboot samarthak honge."
2015-04-21 08:19:01,590429519586033664,@Bikram__4u @natibhena @pryabit @SuniShubham ....... pachhi ta thulai photugraaffer bhanney chhant po dekhinchha ta !..
2015-04-21 08:19:48,590429713518100480,Jaein to jaein kahan.........! https://t.co/84UKh7fX3L
2015-04-21 08:20:04,590429784460562432,@yuvasakti aapne kaha tha ki teachers ka mudda aap loksabha me uthayenge.. intjar hai hume. Bhuliyega mat..
2015-04-21 08:20:28,590429882082992128,"@asishsyangden ra tah, wakka lagyo net chalauda chalaudai. #Hang"
2015-04-21 08:20:39,590429928610402305,"@ANI_news @girirajsinghbjp is a Bihari &amp; it's impossible that he will cry. @aajtaknews , Singhal &amp; party are playing against BJP."
2015-04-21 08:20:57,590430005290610688,@Katherinadi @Puruswattam and do sth about that
2015-04-21 08:21:15,590430078594486272,"#MatchpointT20 What will be the better position for @ABdeVilliers17 To bat at.
#RcbvsCsk @StarSportsIndia"
2015-04-21 08:21:31,590430149658546176,рдХреЗ рднрдиреБ рдХрд╕реЛ рдЧрд░реА рдмрд╛рдЪреБ рдорд╛рдпрд╛рд▓реБрдХреЛ рдЬрд╛рд▓ рдорд╛ рдкрд░реЗрд░тАЛ??
2015-04-21 08:21:32,590430153840267264,"@narendramodi_m dakshin bharat me hindi ke prachar ke liye kisi yogya ko jimmewari dijiye, jo hindi aur b.j.p prem dono badhaye."
2015-04-21 08:21:42,590430192084000770,@sharanpanthi @Puruswattam рджрд┐рдП рдЦреИрдиреНрдЫ
2015-04-21 08:21:50,590430227999797249,#NowPlaying Take This Town #BadCompany from my collection of #Rock genre
2015-04-21 08:22:35,590430414268805120,@dahalshivaji рджреБрд░реНрд▓рдн рдЫ рднрдиреЗрд░ рдкрд╛рдиреА рдХреЛ рдкреНрдпрд╛рд╕ рдХреЗрд▓реЗ рдореЗрдЯреНрдиреБ рд╣реБрдиреНрдЫ рддредредредредредред рдХрд┐ рд╕рд╣рд░ рдорд╛ рдкрд╛рдИрджреИрди рднрдиреЗрд░ рд╕рдореБрдиреНрджреНрд░рд╛ рдзрд╛рдЙрдиреБ рд╣реБрдиреНрдЫ??
2015-04-21 08:22:35,590430415338348544,@Lenovo_in Thankq For Following
2015-04-21 08:23:05,590430542266404865,@ishworkhadka601 hora sansaar maa 7 jana maan6e aafu jastai hun6n re???
2015-04-21 08:23:20,590430605545865218,@0fc8a773a62d4ec рд╣реЛ рдирд┐ рд░реЛрд╕рди рдЬрд┐ ред
2015-04-21 08:23:20,590430606724452353,"@Pokhareli3 реи - рей рджрд┐рдиреН рднреЛ ,рджрд╛рдЩрдорд╛ рдирд┐ рд╕рд╛рд░реИ рдЧрд░реНрдорд┐ рдмрдвреЗ рдХреЛ рдЫ  ред"
2015-04-21 08:23:24,590430622813855744,"рд╕рд╛рд╣рд░реИ рд╕реБрдмрд┐рдзрд╛ рд╕рдореНрдкрдиреНрди рд╣реБрди рдерд╛рд▓реНрдпреЛ  рдХрд╛рдардорд╛рдбреМрдВ ред 
рдлреЛрдЯреЛ : рдлреЗрд╕реНрдмреБрдХ http://t.co/xsJ2gk5AHo"
2015-04-21 08:23:29,590430642011181056,@Me_Physio рд▓реЛрд▓реЛ рдмрдзрд╛рдИ рдЫ
2015-04-21 08:23:29,590430644032811008,рдЬрд╛рдЬрд░рдХреЛрдЯ рд╣реБрдБрджреИ рдХрд╛рд▓рд┐рдХреЛрдЯрд╕рдореНрдо рдорд╣рд╛рдорд╛рд░реА рдлреИрд▓рд┐рдЗрд╕рдХреНрдпреЛ рд╕рд░рдХрд╛рд░ рдХрд╛рд▓реЛрдХреЛрдЯрдорд╛ рдард╛рдЯрд┐рдПрд░ рд╕рдпрд░рдорд╛ рдирд┐рд╕реНрдХрд┐рдПрдХреЛрдЫ рд╕реЗрддреЛрдХреЛрдЯрд╣рд░реБ рдЖрдлреНрдиреИ рдХреНрд▓рд┐рдирд┐рдХрдорд╛ рд╡реНрдпрд╕реНрдд рдЫрдиредрдХрд╕рд▓рд╛рдИ рджреБрдЦреНрдиреЗ рдкреАрдбрд╛?
2015-04-21 08:23:42,590430696318963712,@pittunavailable aren't you reading les misrelba?? yet. for few weeks it will get you busy
2015-04-21 08:23:42,590430698592280576,"#MatchpointT20 @StarSportsIndia
Who will be the best option for  @henrygayle to open with .
#RCBvsCSk"
2015-04-21 08:24:13,590430825113456640,@RasmitaKC @iSamaShrestha man le teso ka manx t ?
2015-04-21 08:24:20,590430855396339712,"What does #noDM mean?
Anyone..."
2015-04-21 08:24:26,590430883645030400,@aajtaknews рд╕реЗ рдЕрдиреБрд░реЛрдз рд╣реИ рдХрд┐ рдЕрдлрд╡рд╛рд╣ рди рдлреИрд▓рд╛рдпреЗрдВ ред рдЖрдЬрддрдХ рдмрд┐рдХреА рд╣реБрдИ рд╣реИред someone shd lodge defamation case.  @ANI_news @girirajsinghbjp
2015-04-21 08:24:58,590431017736876032,Happy Akshaya Tritiya! #AkshayaTritiya #India #Holy #Festival
2015-04-21 08:25:48,590431225564692480,@muskaan1121 рдХрд╛рдо рдиреИ рдкреБрдЬрд╛ рд╣реЛ ред
2015-04-21 08:25:59,590431271383277568,@thejun28th :)
2015-04-21 08:26:08,590431310826459137,"@vnuguyen lol well, for sure this is more up my alley, although everyone says I should try trekking. In any case, def not to base camp! Lol"
2015-04-21 08:26:19,590431354161995777,рдУрдард╣рд░реБрд▓рд╛рдИ рдореЗрд░реЛ рд╕рдорд╕реНрдпрд╛ рдерд╛рд╣рд╛ рджрд┐рди рдорди рд▓рд╛рдЧреНрджреИрди ред рдХрдорд╕реЗрдХрдо рджреЗрдЦреНрдиреЗрд╣рд░реБрдХрд╛ рд▓рд╛рдЧрд┐ рдо рдЦреБрд╕реА рд░рд╣рдиреЗрдЫреБ ред
2015-04-21 08:26:19,590431357345472512,"How many students are selected in this year for B.Tech programe???
@VIT_univ"
2015-04-21 08:26:25,590431380514832385,@salamences @SASUBUTT SAME OMG PAPA SASUKE CODDLING HIS DAUGHTER /SHOT/
2015-04-21 08:26:31,590431407064776704,"Happy Birthday @isco_alarcon 

#HappyBirthdayIsco #Fantastisco #IscoDisco http://t.co/l5SrTej2Ui"
2015-04-21 08:26:33,590431414098636800,"рд╣реЗрдбрд┐рдЩрдорд╛ ""рдмрд▓рд┐рдЙрдбрдХрд╛ рд╕реНрдЯрд╛рд░ рдЕрднрд┐рдиреЗрддрд╛ рдЕрдХреНрд╖рдпрдХреБрдорд╛рд░рдХреЛ тАШрдореГрддреНрдпреБтАЩ""http://t.co/IMsGDnHqW0 рднрдиреЗрд░ рд▓рдЦреНрдиреЗ рдиреЗрдкрд╛рд▓реА рдкрддреНрд░рдХрд╛рд░ рд▓рд╛рдИ рдзрд┐рдХреНрдХрд╛рд░ ред"
2015-04-21 08:26:34,590431417651171328,Salivary gland cancers : Main risk factor is exposure to X-ray treatment #Cancer #Fact #Tip #Be #Aware #FighCancer #OralCancerAwareness
2015-04-21 08:26:36,590431426798948353,@sun_dash1 @cooolrims рддреНрдпреИ рдд
2015-04-21 08:26:37,590431433123975168,#Fire on Bhubaneswar Rajdhani Express at #NewDelhi railway station Procure to Secure with Mini #fireextinguishers https://t.co/jgMXymh4gk
2015-04-21 08:27:01,590431532923260928,Salivary gland cancers : Main risk factor is exposure to X-ray treatment #Cancer #Fact #Tip #Be #Aware #FightCancer #OralCancerAwareness
2015-04-21 08:27:06,590431553714434049,"@Adhikarigirl 
рдХреЗ рдпреЛ рдорд╛рдпрд╛ рд╣реЛ ? 

рдпрд╕реЛ рд╣реЗрд░реНрджрд╛ рдд рдЫрд╛рдпрд╛ рдЬрд╕реНрддреЛ рдорд╛рддреНрд░реИ рдЫ рдд :рдкреА 
@narayan2121"
2015-04-21 08:27:26,590431636040392704,рдХрдореНрдорд░ рдмрдЧрдВрдЧрд╛рдПрд░ рдорд▓рд╛рдИ рдЕрдореЗрд░рд┐рдХрд╛ рдРрдИ рдорд▓рд╛рдИ...рднрдиреНрдиреЗ рдЧрд┐рдд рдХрдирд┐ рдХрдирд┐ рдЧрд╛рдП рдЕрдм рдмрд┐рджреЗрд╢рд╛ рдЧрдПрд░ рдмреБрдВрдЧреИ рджреБрдЧреБрд░реНрдЫрди рдмрд┐рд╕реНрд╡ рд╕реБрдиреНрджрд░рд┐ рдкреНрд░рддрд┐рдпреЛрдЧрд┐рддрд╛рдорд╛ рдЕрдирд┐ рд╕рдХреНрдХрд┐рдпреЛ#рдорд┐рд╕ рдиреЗрдкрд╛рд▓
2015-04-21 08:28:13,590431832316850177,Thevworst
2015-04-21 08:28:20,590431864940142592,Remember when I was mocking those grimy hippies? I take it back. Just wiped my face (4h of car ride w/ open window) http://t.co/f4T48Bp18u
2015-04-21 08:29:10,590432070805028865,@KingKhanClub1 @iamsrk @MandviSharma awesome work
2015-04-21 08:29:40,590432199389753344,"Happy Happy Birthday,  to the one and only @TahirRajBhasin тШ║"
2015-04-21 08:29:42,590432205718966272,@ishworkhadka601 hahahaha huna sak6
2015-04-21 08:30:34,590432425626341376,@Gtmsuresh рдЦреИ рдЕрд╡ рд╣реБрдЯрд┐рдЯреНрдпрд╛рдЙрдБрд▓реЗ рдиреИ рдерд╛рдореНрдиреЗ рд╣реЛрд▓рд╛ рдЖрдХрд╛рд╢ред
2015-04-21 08:30:36,590432433033465856,"@PaudelBindu no tention-------- be cool !!! рдЬрд┐рдмрди рд╕рдВрдШрд░реНрд╕ рд╣реЛ , рд▓рдбреНрдбреИ рдЬрд╛рдЙ - рд╕реБрднрдХрд╛рдордирд╛ ред"
2015-04-21 08:30:44,590432467066101761,@sehrish_memon nw days i m lack of words to describe your and sweta edit
2015-04-21 08:30:52,590432499508973569,@UltraSuristic is Benzema ready for the derby ??
2015-04-21 08:30:53,590432505704030210,200 Barsakai Ramro Din Re Aaja ЁЯШЖЁЯШЖЁЯШЖaasina ra paani ekai choti awune din lai po ramro din vando rahechha ЁЯШЭЁЯШЭ
2015-04-21 08:31:02,590432542987157505,@KdSaroj ....... condom hoina ki youn sansarga nai thik tabar ley garnu porchha !..
2015-04-21 08:31:07,590432564893982720,@AbdulHamidAhmad me firoz Khan http://t.co/bVy1V8x136
2015-04-21 08:31:18,590432611715026944,@Lenovo_in best Actor Of My choice Ranbir Sir.Beast mobile Product Lenovo.
2015-04-21 08:31:21,590432621751992321,резрек рдордИ реирежрезрел рдХреЛ рд╕рд░рдХрд╛рд░ рдХреЗ рдЬрдореАрди рд╕рдВрдкрд╛рджрди рдХреЗ рд╡рд┐рд░реЛрдз рдореЗрдВ CPI рджреНрд╡рд╛рд░рд╛ http://t.co/hMHuNkgMMZ
2015-04-21 08:31:26,590432642341810176,| RAMOS | :)) http://t.co/0SiNknpHLh
2015-04-21 08:31:26,590432642669027328,@AcSabita рд╣рд╛ рд╣рд╛ рд╣рд╛ ред рд╕рд╣реА рд░рдЪ! :D
2015-04-21 08:31:29,590432654891163648,@PaudelBindu рднреЗрдЯ рд╣реБрдиреБ рдареВрд▓реЛ рдХреБрд░рд╛ рд╣реЛ      рдЬреАрд╡рди рдд рдХрд┐рд░рд╛рдлрдЯреНрдпрд╛рдЩреНрд░рд╛рд▓реЗ рдкрдирд┐ рд╡рд┐рддрд╛рдЙрдЫрди ред
2015-04-21 08:31:34,590432678677065729,@SwetaTanya @MaNanFanClub @sampadakarode @chaityta beautiful awesome bloosme many other thing hehehe
2015-04-21 08:31:39,590432698008674304,"рдЬреАрд╕ рддрд░рд╣,, 
             рд╕реБрд░рдЬ рдХреА рдЧрд░реНрдореА рдХреА рдмрдврд╝рдиреЗ рд▓рдЧреА,,

рдареАрдХ рдЙрд╕реА рддрд░рд╣,, 
рдмрд┐рд╣рд╛рд░ рдмрд┐рдзрд╛рдирд╕рднрд╛ рдЪреБрдирд╛рд╡ рдХреЛ рд▓реЗрдХрд░,, 
рдиреЗрддрд╛рдУрдВ рдореЗрдВ рдЦрд▓рдмрд▓реА рдордЪреА рд╣реБрдИ рд╣реИред :-P"
2015-04-21 08:31:43,590432713976381440,@ChaoticBliss91 that two way conversations was related to unification &amp; merge &amp; It would about to love &amp; life &amp; it might give a new life :P
2015-04-21 08:31:48,590432733941276673,@PaudelBindu ho ni
2015-04-21 08:31:49,590432741251883008,рдХреЗрдЯрд┐ - рдШрд╛рдорд▓реЗ рдорд▓рд╛рдИ рд╕рддрд╛рдЙрд▓рд╛ рдХрд╛рд▓реА рдмрдирд╛рдЙрд▓рд╛ред
2015-04-21 08:31:54,590432760809959424,One team #HalaMadrid http://t.co/4c22TnTpkC
2015-04-21 08:32:14,590432844410851329,@ishworkhadka601 рдХрд╛рд▓рд┐рдХреЛрдЯрдорд╛ релреж рд╕рд┐рдХрд┐рд╕реНрдд рднрдиреНрдиреЗ рдЦрд╡рд░ рдЖрдЗрд╕рдХреНрдпреЛ ред
2015-04-21 08:32:24,590432884797755392,@aryosnepal
2015-04-21 08:32:35,590432934638718977,@guardian_o_hell :)
2015-04-21 08:32:48,590432985830166528,"рдХреНрдпрд╛ рдЦреБрдм рд▓рдЧреНрддреА рд╣реЛ, рдмрдвреА рд╕реБрдиреНрджрд░ рджрд┐рдЦреНрддреА рд╣реЛ ред :)"
2015-04-21 08:32:50,590432994130800641,@chaityta @KulsoomMadadali gud afternoon love so beautiful edit wow hayee he is so hot fabulous caption
2015-04-21 08:32:52,590433002242510848,@aryosnepal
2015-04-21 08:33:39,590433199303499777,рдпреЛ рдХреБрд░рд╛рдорд╛ рдореЗрд░реЛ рдкрдирд┐ рд╕рд╣рдорддрд┐ рдЫ рд╣реИ рдорд┐рд╕ рдХрд┐ рдореЗрдбрдо рд╣реЛ ?
2015-04-21 08:33:44,590433222950981633,рдЦреБрд╕реА рд▓рд╛рдЧреНрдпреЛ ред BP рдмрдвреЗрд░ 80/110 рдкреБрдЧреЗрдЫ ред
2015-04-21 08:33:45,590433224360263680,"Which show would u like  to do ""#NachBaliye"" or ""#Jhalak""??

 #AskVivian #VivianDsena @VivianDsena01 @JustShowbiz http://t.co/5Bej4mbBke"
2015-04-21 08:33:47,590433235387068416,@PaudelBindu рдЬрд┐рдмрдиреН рдпрд╛рддреНрд░рд╛ рд▓рд╛рдореЛ рд░ рдЕрдирд┐рд╕реНрдЪрд┐рдд рдЫ -рд╣реБрдиреНрдкрдирд┐ рдд рд╕рдХреНрдЫ ред
2015-04-21 08:33:51,590433252202053632,@neha_mongre @sehrish_memon @Banani9679 awesome edit wow
2015-04-21 08:33:54,590433262360662016,рдордиреНрддреНрд░реА рднрдиреНрдЫрдиреН: рдЬрд╛рдЬрд░рдХреЛрдЯрдорд╛ рдорд╛рдиреНрдЫреЗ рдорд░реНрдиреИ рдЫреЛрдбрд┐рд╕рдХреЗред рд╣рд╛рдореАрд▓реЗ рдХреИрдпреМрдВрд▓рд╛рдИ рдмрдЪрд╛рдпреМрдВ. #NagarikShow https://t.co/piYjUovIyG http://t.co/K4UT7eNof9
2015-04-21 08:34:01,590433293071294464,@FunnyTens ..... battery indication should be well visible to frequently recharge !
2015-04-21 08:34:20,590433372037455873,@PaudelBindu рдЖрдЬрднреЛрд▓рд┐ рдд рдЦрд╛рд▓рд┐ рдЦреБрдЯреНрдЯрд╛рд▓реЗ рдЕрдирд░реНрде рджреЗрдЦрд╛рдЙрди рдерд╛рд▓рд┐рд╕рдХреНрдпреЛ рд╣рдЙ
2015-04-21 08:34:27,590433402588827648,"@Lenovo_in Great 5.5 Looking,Coolest camera.amazing Speed With 2gbRa410 Processor Extra Loded Memory Beast Sound Dolby #ThingsIGiveAnAPlus"
2015-04-21 08:34:50,590433500177666051,someone new
2015-04-21 08:34:54,590433516317319168,рдкреЛрдЦрд░рд╛ рд░ рд▓реЗрдЦреНрдирд╛рде рдорд╛ рдЕрд╕рд┐рдирд╛ рдХреЛ рдкреНрд░рд╣рд╛рд░!! рдХреЗ ЁЯШВЁЯШВЁЯШВ
2015-04-21 08:35:08,590433572969811968,#DescribeYourSexLifeInATvShow SNL
2015-04-21 08:35:45,590433728754753536,"Budist g├╝vercinlerle tan─▒┼Яmak ister misiniz ЁЯШЙтЬМя╕П @ basantapur,kathmandu https://t.co/4fBiNBgCOx"
2015-04-21 08:35:56,590433777425321984,@ArvindKejriwal рдиреЗ рднреЗрдбрд╝рд┐рдпрд╛ рдЖрдпрд╛ рднреЗрдбрд┐рдпрд╛ рдЖрдпрд╛ рдХрд╣рд╛рдиреА рдХреЛ рдЪрд░рд┐рддрд╛рдереЖ рдХрд┐рдпрд╛ред рдЕрдм рдХреЛрдИAAPрдЬреИрд╕реА рд╕рдВрд╕реНрдерд╛ рдкрд░ рд╡рд┐рд╢реНрд╡рд╛рд╕ рдирд╣реАрдВ рдХрд░реЗрдЧрд╛ @satishrewliya @tajinderbagga
2015-04-21 08:36:10,590433836460150784,"#matchpoint @StarSportsIndia 
Who will be the best Opening partner for @henrygayle 
#RcbVsCSk"
2015-04-21 08:36:14,590433850104225792,@Gtmsuresh рд╣реЛ рд╣рдЬреБрд░ рддрд░ рд░рд╛рдЬреНрдп рднрдиреНрджрд╛ рдареВрд▓реЛ рдд рдХреЛ рд╣реБрдиреНрдЫ рд░ ?
2015-04-21 08:36:19,590433870832500736,Effeciently use Linkedin as Marketing tool http://t.co/wRmuYvUuto #LinkedIn #LinkedInProfile #marketing #socialmedia http://t.co/rsLynosuHX
2015-04-21 08:36:20,590433874892619776,рд╣реИрдЯ http://t.co/jTA6uY34qM
2015-04-21 08:36:31,590433923953393664,#DescribeYourSexLifeInATvShow southpark
2015-04-21 08:36:33,590433932400693248,"рд░рд╣рд░ рд░рд╣рд░ рдорд░реЗ рдкрд┐рд░рд╣рд░реБ рдкрд▓рд╛рдП, 
рддреНрдпрд╣реА рдкрд┐рд░рд▓реЗ рдЬрд┐рдиреНрджрдЧреА рдЬрд▓рд╛рдП, 
рдо рдд рдлреВрд▓ рдЭреИрдБ рдУрдИрд▓рд┐рдПрд░ рдЭрд░реНрди рдерд╛рд▓рд┐рд╕рдХреЗрдБ,     #NP"
2015-04-21 08:36:33,590433932778164225,рдЬрд╛рдУ рдмрд╣рди рддреБрдо рдХрд┐рдЪреЗрди рд╕рдВрднрд╛рд▓реЛ .. рд╣рдо рдлреЗрдХ рдбреАрдкреА рд▓рдЧрд╛ рдХреЗ рдЯреНрд╡рд┐рдЯрд░ рд╕рдВрднрд╛рд▓ рд▓реЗрдВрдЧреЗ :-P #FakeGirls
2015-04-21 08:36:48,590433994170241024,This is the real moment of heart-broken :(( #AnimoLukita #HalaMadrid http://t.co/kJwEOxPDWK
2015-04-21 08:36:50,590434001061486592,@SandeepLoyalka @stwta I was right ;-) https://t.co/1b8ePZsrYo
2015-04-21 08:37:03,590434056736624641,@PaudelBindu рдпреЛ рдХреБрд░рд╛рдорд╛ рдореЗрд░реЛ рдкрдирд┐ рд╕рд╣рдорддрд┐ рдЫ рд╣реИ рдорд┐рд╕ рдХрд┐ рдореЗрдбрдо рд╣реЛ ?
2015-04-21 08:37:48,590434247267078144,@jaeeccc Kuro sai ho ..
2015-04-21 08:37:50,590434252056956928,@office_monkey Perfect!
2015-04-21 08:37:58,590434288232861696,"[Ad Shoot] #VivianDsena with actress Esha Deol for an advertisement.

@VivianDsena01 http://t.co/fhJD3hIz1Z"
2015-04-21 08:38:05,590434316808638465,"@Wakil_Sahiba @Aasmeee 
........... 20 ruppyaa ko maal kinna tyesto note diyera hunchha ta !.."
2015-04-21 08:38:08,590434330054238209,"Sometime it's hard for me
To understand what you really
Want to happen.
But I trust you
I know you will
Give me what's best."
2015-04-21 08:38:11,590434342649761792,щймф╕КхЫЮхО╗ф║ЖтАжтАж http://t.co/HEcccLHAVF
2015-04-21 08:38:13,590434351122239488,рд╕рд╛рдердореИ рднрдПрдкрдирд┐ рдЯрд╛рдврд╛ рднрдПрдЬрд╕реНрддреЛ рднрдпреЛ ред
2015-04-21 08:38:18,590434370944565249,"#BIOTECHNOLOGY #RishuAbhishek #MakeInIndia 
http://t.co/0TzqbFvBcU Biotech crop countries in the world http://t.co/551tpyEun9"
2015-04-21 08:38:27,590434409758658561,Dirty dramas of AAP being staged daily by the so called dedicated members of AAP who actually seem to be street dancers from rich families.
2015-04-21 08:38:48,590434496115179520,@sehrish_memon love u my cutiepie muahh
2015-04-21 08:39:04,590434562146054144,"#matchpoint @StarSportsIndia 
What will be the better position for @ABdeVilliers17 to bat at.
#RCbVSCSK"
2015-04-21 08:39:06,590434570614362112,@SuniShubham @prateekxa23 tapai afu kun barga ma?
2015-04-21 08:39:11,590434593574035456,@Finelychopped nice one
2015-04-21 08:39:24,590434649806999552,"рдкрд╛рдиреА рдкрд░реНтАНрдпреЛ рджрд░реНрдХреЗрд░ !
рдирдмреЛрд▓ рдорд╛рдпрд╛ рдЭрд░реНрдХреЗрд░ !! ;) @pokhara"
2015-04-21 08:39:33,590434684414201856,@latishkumar136 @niti_taylor @TeamLionMedia jst shut up u stupid liar.....u jst wait n watch mnnrlss
2015-04-21 08:39:37,590434701984141312,@GhimireSunil рдЪреЛрд░рдХреЛ рдЦреБрдЯреНрдЯрд╛ рдХрд╛рдЯ рднрдиреНрджрд╛ рдЦреБрдЯреНрдЯреЛ рдорд╛рдереА рдЙрдЪрд╛рд▓реНрдпрд╛ рд╣реЛ рднрдиреЗрд░ рднрдиреЗ рднрдиреЗ рдХреЗ рд╣реБрдиреНрдЪ ?
2015-04-21 08:39:58,590434792543358978,"DAKSHIN BHARAT me HINDI ke prachar ki jimmewari kisi yogya vyakti ko dijiye, jo hindi aur b.j.p prem dono badhaye. #SmritiIrani"
2015-04-21 08:40:07,590434827855273984,May be I am Addicted to ur company.
2015-04-21 08:40:48,590434999049977856,"@ImRaina @stevesmith49 
Say something about Rahul Dravid."
2015-04-21 08:40:51,590435014661156864,@Me_Chahana рдпреЛ рдЧрд░реНрдорд┐рдорд╛ рдмрд╛рдХреНрд▓реЛ рд╕рд┐рд░рдб рдбрд╕рдирд╛рдХреЛ рдХреБрдиреИ рдорд╣рддреНрд╡ рдЫреИрди рдмрд░реБ рдПрд╕реА рдХрд┐рдиреНрдиреБ рдирд┐ ;)
2015-04-21 08:40:56,590435034332442624,"рдирд╡реА рдореБрдВрдмрдИрдд рдорддрджрд╛рдирд╛рдЖрдзреА рдкреИрд╢рд╛рдЪрдВ рд╡рд╛рдЯрдк, рдорд╣рд┐рд▓реЗрд╡рд┐рд░реЛрдзрд╛рдд рддрдХреНрд░рд╛рд░ рджрд╛рдЦрд▓ http://t.co/duT8rpu0WA #рд░рдгрд╕рдВрдЧреНрд░рд╛рдордорд╣рд╛рдкрд╛рд▓рд┐рдХреЗрдЪрд╛ http://t.co/7xTY95hEiN"
2015-04-21 08:40:57,590435036173729794,@Shikaruketo ........... garmi bhagaauney upaay hariyo khursaani nai ho !..
2015-04-21 08:40:59,590435046906929152,"Quite boring day.....) no air conditioning
and too hot climate."
2015-04-21 08:41:53,590435272745099264,"рдЧрд┐рд░рд┐рд░рд╛рдЬ рд╕рд┐рдВрд╣ рдиреЗ рд░рд╛рдЬрдорд╛рддрд╛ рд╕реЗ рдорд╛рдлрд╝реА рдорд╛рдВрдЧ рд▓рд┐рдпрд╛ рд╣реИ, рдЕрдм BJP рдХреЗ рд╡реЛ рд╕рд╛рд░реЗ рд╕рдкреЛрд░реНрдЯрд░ рдЦреБрд╢ рд╣реЛрдВрдЧреЗ рдЬрд┐рдиреНрд╣реЗ рд▓рдЧрддрд╛ рдерд╛ рдХреА рдЗрд╕ рдмрдпрд╛рди рд╕реЗ рдХрд╛рдВрдЧреНрд░реЗрд╕ рдХреА рд╡рд╛рдкрд╕реА рд╣реЛ рд╕рдХрддреА рд╣реИ"
2015-04-21 08:41:58,590435293561401344,"#matchpoint @StarSportsIndia 
Do You think @VarunAaron should be Replaced by @dindaashoke marking @RCBTweets  failure at pace Bowling."
2015-04-21 08:42:05,590435324356005888,@usamakhan__ @mohsinmalvi19 yes it is
2015-04-21 08:42:08,590435335307296768,Nobody can hurt me without my permission.
2015-04-21 08:42:09,590435339291926528,@ishworkhadka601 резрел рджрд┐рди рд╕рдореНрдо рдЖрдлреИрдБ рдирд┐рдпрдиреНрддреНрд░рдгрдорд╛ рдЖрдЙрдБрдЫ ред рдорддрд▓рд╡ рд╡рд┐рд░рд╛рдореА рдмрд╛рдЯреЛрд▓рд╛рдЧреЗрдкрдЫрд┐ ред
2015-04-21 08:42:21,590435389929750528,@neha_mongre @sehrish_memon @Banani9679 my pleasure dear :)
2015-04-21 08:42:25,590435406811795456,"what's happening ?
рдЕрд╕рд┐рдирд╛ рдкрд╛рдиреА"
2015-04-21 08:43:02,590435563443920896,рдЖрдЬ рдЦреБрджреЛ рдкрд╛рдиреА рд░ рдЬреМ рдХреЛ рд╕рд╛рддреБ рдЦрд╛рдиреЗрд▓реЗ рдлреЗрдмрд░реЗрдЯ рдЧрд░реНрдиреБрд╕реН ! ;)
2015-04-21 08:43:10,590435598034276352,Religion au travail: un sujet r├йgulier pour un manager sur quatre selon une ├йtude de Randstad et de l'OFRE https://t.co/jU7RG8eTAt
2015-04-21 08:43:14,590435613247078400,@11366154740d4c0 Kaise ho dost
2015-04-21 08:43:15,590435616694775808,@mycuppalove Yea for sure but i see your station miles away from me. Got you tagged in my map though #Thanks n #Cheers
